request_id,amount_safe_to_pay,affordability_status,recommended_payment_method,payment_plan,earliest_date_for_full_payment,spending_changes_needed,decision_explanation
request_26,15656000.0,affordable_now,full_payment,2025-08-03:15656000,2025-08-03,none,"Balance: IDR 100,845,250.00 (min required: IDR 24,768,300.00; headroom: IDR 76,076,950.00). Committed outflows next 30 days: IDR 11,193,727.88. Expected income next 30 days: IDR 15,874,584.26. Decision: Full payment of IDR 15,656,000.00 is safe today. Balance remains above minimum throughout the 90-day forecast."
request_27,6670.0,affordable_now,full_payment,2026-07-05:6670,2026-07-05,none,"Balance: ZAR 93,141.80 (min required: ZAR 20,500.00; headroom: ZAR 72,641.80). Committed outflows next 30 days: ZAR 29,569.86. Expected income next 30 days: ZAR 22,382.36. Decision: Full payment of ZAR 6,670.00 is safe today. Balance remains above minimum throughout the 90-day forecast."
request_28,59.84,affordable_later,wait,2024-08-15:1302.40,2024-08-15,none,"Balance: EUR 1,789.40 (min required: EUR 1,100.00; headroom: EUR 689.40). Committed outflows next 30 days: EUR 1,428.43. Expected income next 30 days: EUR 1,989.81. Decision: Cannot safely pay EUR 1,302.40 today (safe amount now: EUR 59.84). Full payment becomes safe on 2024-08-15."
request_29,51524.0,affordable_now,full_payment,2025-11-04:51524,2025-11-04,none,"Balance: ZAR 113,540.10 (min required: ZAR 28,300.00; headroom: ZAR 85,240.10). Committed outflows next 30 days: ZAR 36,269.48. Expected income next 30 days: ZAR 46,341.65. Decision: Full payment of ZAR 51,524.00 is safe today. Balance remains above minimum throughout the 90-day forecast."
request_30,775.2,affordable_with_plan,installments,2026-04-06:268.74|2026-05-06:268.74|2026-06-05:268.74,2026-04-06,none,"Balance: USD 3,752.72 (min required: USD 900.00; headroom: USD 2,852.72). Committed outflows next 30 days: USD 1,053.78. Expected income next 30 days: USD 935.67. Decision: Full payment is not safe today (safe amount: USD 775.20). Installment plan: 2026-04-06:268.74|2026-05-06:268.74|2026-06-05:268.74."
request_31,2099554.34,affordable_later,wait,2024-09-15:18164000,2024-09-15,none,"Balance: IDR 30,429,260.00 (min required: IDR 16,588,900.00; headroom: IDR 13,840,360.00). Committed outflows next 30 days: IDR 19,461,739.72. Expected income next 30 days: IDR 38,494,022.00. Decision: Cannot safely pay IDR 18,164,000.00 today (safe amount now: IDR 2,099,554.34). Full payment becomes safe on 2024-09-15."
request_32,2379.74,not_affordable,not_recommended,none,,none,"Balance: ZAR 69,005.80 (min required: ZAR 35,700.00; headroom: ZAR 33,305.80). Committed outflows next 30 days: ZAR 58,539.80. Expected income next 30 days: ZAR 49,105.47. Salary temporarily reduced to ZAR 54,120.00/month per employer message. Next salary expected on 2025-02-15. Decision: Not affordable. Safe to pay only ZAR 2,379.74 today, and the full ZAR 40,018.00 does not become safe within the 90-day horizon."
request_33,0.0,not_affordable,not_recommended,none,,none,"Balance: INR 167,280.00 (min required: INR 102,100.00; headroom: INR 65,180.00). Committed outflows next 30 days: INR 151,097.93. Expected income next 30 days: INR 134,359.05. Decision: Not affordable. Safe to pay only INR 0.00 today, and the full INR 118,000.00 does not become safe within the 90-day horizon."
request_34,129400.0,affordable_now,full_payment,2024-12-04:129400,2024-12-04,none,"Balance: INR 559,752.50 (min required: INR 138,500.00; headroom: INR 421,252.50). Committed outflows next 30 days: INR 146,369.18. Expected income next 30 days: INR 148,953.39. Decision: Full payment of INR 129,400.00 is safe today. Balance remains above minimum throughout the 90-day forecast."
request_35,25025.23,not_affordable,not_recommended,none,,none,"Balance: INR 231,530.00 (min required: INR 106,400.00; headroom: INR 125,130.00). Committed outflows next 30 days: INR 134,121.25. Expected income next 30 days: INR 160,725.00. Decision: Not affordable. Safe to pay only INR 25,025.23 today, and the full INR 212,000.00 does not become safe within the 90-day horizon."
request_36,645.26,not_affordable,not_recommended,none,,none,"Balance: USD 3,846.60 (min required: USD 2,400.00; headroom: USD 1,446.60). Committed outflows next 30 days: USD 1,744.34. Expected income next 30 days: USD 2,131.89. Next salary expected on 2026-07-15. Decision: Not affordable. Safe to pay only USD 645.26 today, and the full USD 3,954.00 does not become safe within the 90-day horizon."
request_37,1774904.33,affordable_later,wait,2024-05-15:14649000,2024-05-15,none,"Balance: IDR 29,125,000.00 (min required: IDR 17,056,200.00; headroom: IDR 12,068,800.00). Committed outflows next 30 days: IDR 25,524,163.78. Expected income next 30 days: IDR 30,083,912.34. Decision: Cannot safely pay IDR 14,649,000.00 today (safe amount now: IDR 1,774,904.33). Full payment becomes safe on 2024-05-15."
request_38,86.57,affordable_later,wait,2025-10-15:971.30,2025-10-15,none,Balance: EUR 779.40 (min required: EUR 400.00; headroom: EUR 379.40). Committed outflows next 30 days: EUR 410.77. Expected income next 30 days: EUR 725.91. Decision: Cannot safely pay EUR 971.30 today (safe amount now: EUR 86.57). Full payment becomes safe on 2025-10-15.
request_39,0.0,not_affordable,not_recommended,none,,none,"Balance: INR 416,505.00 (min required: INR 213,400.00; headroom: INR 203,105.00). Committed outflows next 30 days: INR 266,511.03. Expected income next 30 days: INR 257,037.84. Decision: Not affordable. Safe to pay only INR 0.00 today, and the full INR 208,600.00 does not become safe within the 90-day horizon."
request_40,0.0,not_affordable,not_recommended,none,,none,"Balance: EUR 2,394.00 (min required: EUR 1,500.00; headroom: EUR 894.00). Committed outflows next 30 days: EUR 1,927.32. Expected income next 30 days: EUR 1,583.98. Salary temporarily reduced to EUR 1,760.00/month per employer message. Next salary expected on 2024-06-15. Decision: Not affordable. Safe to pay only EUR 0.00 today, and the full EUR 1,290.30 does not become safe within the 90-day horizon."
request_41,0.0,not_affordable,not_recommended,none,,none,"Balance: IDR 50,175,850.00 (min required: IDR 25,366,600.00; headroom: IDR 24,809,250.00). Committed outflows next 30 days: IDR 43,015,003.66. Expected income next 30 days: IDR 41,654,289.41. Decision: Not affordable. Safe to pay only IDR 0.00 today, and the full IDR 38,760,000.00 does not become safe within the 90-day horizon."
request_42,52100.0,affordable_now,full_payment,2026-01-05:52100,2026-01-05,none,"Balance: INR 261,765.00 (min required: INR 113,100.00; headroom: INR 148,665.00). Committed outflows next 30 days: INR 144,337.42. Expected income next 30 days: INR 283,498.58. Salary temporarily reduced to INR 148,000.00/month per employer message. Decision: Full payment of INR 52,100.00 is safe today. Balance remains above minimum throughout the 90-day forecast."
request_43,7534601.61,affordable_later,wait,2024-11-15:43339000,2024-11-15,none,"Balance: IDR 36,640,750.00 (min required: IDR 21,398,000.00; headroom: IDR 15,242,750.00). Committed outflows next 30 days: IDR 22,087,429.65. Expected income next 30 days: IDR 32,870,000.00. Salary temporarily reduced to IDR 32,870,000.00/month per employer message. Next salary expected on 2024-09-15. Decision: Cannot safely pay IDR 43,339,000.00 today (safe amount now: IDR 7,534,601.61). Full payment becomes safe on 2024-11-15."
request_44,0.0,not_affordable,not_recommended,none,,none,"Balance: INR 162,290.00 (min required: INR 82,900.00; headroom: INR 79,390.00). Committed outflows next 30 days: INR 139,764.92. Expected income next 30 days: INR 112,584.03. Salary temporarily reduced to INR 115,000.00/month per employer message. Next salary expected on 2025-02-15. Decision: Not affordable. Safe to pay only INR 0.00 today, and the full INR 95,800.00 does not become safe within the 90-day horizon."
request_45,1593588.88,not_affordable,not_recommended,none,,none,"Balance: IDR 19,982,900.00 (min required: IDR 11,149,800.00; headroom: IDR 8,833,100.00). Committed outflows next 30 days: IDR 12,348,842.42. Expected income next 30 days: IDR 16,552,866.85. Salary temporarily reduced to IDR 17,290,000.00/month per employer message. Next salary expected on 2026-07-15. Decision: Not affordable. Safe to pay only IDR 1,593,588.88 today, and the full IDR 21,983,000.00 does not become safe within the 90-day horizon."
request_46,24257.56,affordable_with_plan,installments,2024-12-04:17472.34|2025-01-04:17472.34|2025-02-04:17472.34,2024-12-15,none,"Balance: INR 202,335.00 (min required: INR 84,000.00; headroom: INR 118,335.00). Committed outflows next 30 days: INR 104,343.42. Expected income next 30 days: INR 284,229.42. Decision: Full payment is not safe today (safe amount: INR 24,257.56). Installment plan: 2024-12-04:17472.34|2025-01-04:17472.34|2025-02-04:17472.34."
request_47,38114000.0,affordable_now,full_payment,2025-05-05:38114000,2025-05-05,none,"Balance: IDR 112,924,150.00 (min required: IDR 30,049,000.00; headroom: IDR 82,875,150.00). Committed outflows next 30 days: IDR 36,579,857.62. Expected income next 30 days: IDR 23,825,018.46. Decision: Full payment of IDR 38,114,000.00 is safe today. Balance remains above minimum throughout the 90-day forecast."
request_48,0.0,not_affordable,not_recommended,none,,none,"Balance: INR 188,065.00 (min required: INR 71,300.00; headroom: INR 116,765.00). Committed outflows next 30 days: INR 91,024.60. Expected income next 30 days: INR 984.00. Decision: Not affordable. Safe to pay only INR 0.00 today, and the full INR 45,700.00 does not become safe within the 90-day horizon."
request_49,5279768.33,not_affordable,not_recommended,none,,none,"Balance: IDR 40,504,493.34 (min required: IDR 20,275,700.00; headroom: IDR 20,228,793.34). Committed outflows next 30 days: IDR 32,694,632.56. Expected income next 30 days: IDR 31,464,000.00. Decision: Not affordable. Safe to pay only IDR 5,279,768.33 today, and the full IDR 34,333,000.00 does not become safe within the 90-day horizon."
request_50,43900.0,affordable_now,full_payment,2025-08-06:43900,2025-08-06,none,"Balance: INR 247,325.50 (min required: INR 99,700.00; headroom: INR 147,625.50). Committed outflows next 30 days: INR 111,058.45. Expected income next 30 days: INR 241,989.28. Salary temporarily reduced to INR 126,000.00/month per employer message. Decision: Full payment of INR 43,900.00 is safe today. Balance remains above minimum throughout the 90-day forecast."
request_51,2191000.0,affordable_now,full_payment,2026-01-03:2191000,2026-01-03,none,"Balance: IDR 35,347,700.00 (min required: IDR 7,811,000.00; headroom: IDR 27,536,700.00). Committed outflows next 30 days: IDR 9,358,441.47. Expected income next 30 days: IDR 9,833,874.06. Decision: Full payment of IDR 2,191,000.00 is safe today. Balance remains above minimum throughout the 90-day forecast."
request_52,19067.81,affordable_later,wait,2024-06-15:28870,2024-06-15,none,"Balance: INR 75,320.00 (min required: INR 41,500.00; headroom: INR 33,820.00). Committed outflows next 30 days: INR 46,930.56. Expected income next 30 days: INR 66,125.67. Salary temporarily reduced to INR 69,000.00/month per employer message. Next salary expected on 2024-06-15. Decision: Cannot safely pay INR 28,870.00 today (safe amount now: INR 19,067.81). Full payment becomes safe on 2024-06-15."
request_53,336.4,not_affordable,not_recommended,none,,none,"Balance: USD 3,523.42 (min required: USD 2,100.00; headroom: USD 1,423.42). Committed outflows next 30 days: USD 2,804.24. Expected income next 30 days: USD 2,793.00. Decision: Not affordable. Safe to pay only USD 336.40 today, and the full USD 1,699.20 does not become safe within the 90-day horizon."
request_54,1045.55,not_affordable,not_recommended,none,,none,"Balance: ZAR 53,581.40 (min required: ZAR 37,000.00; headroom: ZAR 16,581.40). Committed outflows next 30 days: ZAR 23,122.10. Expected income next 30 days: ZAR 41,445.90. Salary temporarily reduced to ZAR 42,460.00/month per employer message. Next salary expected on 2026-07-15. Decision: Not affordable. Safe to pay only ZAR 1,045.55 today, and the full ZAR 121,528.00 does not become safe within the 90-day horizon."
request_55,76948.58,not_affordable,not_recommended,none,,none,"Balance: INR 314,341.19 (min required: INR 124,300.00; headroom: INR 190,041.19). Committed outflows next 30 days: INR 239,145.28. Expected income next 30 days: INR 216,000.00. Decision: Not affordable. Safe to pay only INR 76,948.58 today, and the full INR 218,600.00 does not become safe within the 90-day horizon."
request_56,282.58,affordable_with_plan,partial_payment,2025-02-03:282.58|2025-02-15:598.98,2025-02-15,none,"Balance: USD 3,432.36 (min required: USD 2,100.00; headroom: USD 1,332.36). Committed outflows next 30 days: USD 1,924.68. Expected income next 30 days: USD 5,561.79. Decision: Pay USD 282.58 today; remaining balance due on 2025-02-15. Plan: 2025-02-03:282.58|2025-02-15:598.98."
request_57,6054.67,not_affordable,not_recommended,none,,none,"Balance: ZAR 63,914.60 (min required: ZAR 42,700.00; headroom: ZAR 21,214.60). Committed outflows next 30 days: ZAR 37,215.19. Expected income next 30 days: ZAR 50,160.00. Decision: Not affordable. Safe to pay only ZAR 6,054.67 today, and the full ZAR 61,446.00 does not become safe within the 90-day horizon."
request_58,16226000.0,affordable_now,full_payment,2024-12-07:16226000,2024-12-07,none,"Balance: IDR 42,146,065.00 (min required: IDR 14,433,900.00; headroom: IDR 27,712,165.00). Committed outflows next 30 days: IDR 19,215,394.78. Expected income next 30 days: IDR 49,304,065.40. Salary temporarily reduced to IDR 25,840,000.00/month per employer message. Decision: Full payment of IDR 16,226,000.00 is safe today. Balance remains above minimum throughout the 90-day forecast."
request_59,140600.0,affordable_with_plan,installments,2025-05-07:48741.33|2025-06-04:48741.33|2025-07-02:48741.33,2025-05-04,none,"Balance: INR 723,245.99 (min required: INR 132,600.00; headroom: INR 590,645.99). Committed outflows next 30 days: INR 123,045.41. Expected income next 30 days: INR 180,890.31. Decision: Full payment is not safe today (safe amount: INR 140,600.00). Installment plan: 2025-05-07:48741.33|2025-06-04:48741.33|2025-07-02:48741.33."
request_60,0.0,not_affordable,not_recommended,none,,none,"Balance: USD 683.69 (min required: USD 400.00; headroom: USD 283.69). Committed outflows next 30 days: USD 591.12. Expected income next 30 days: USD 516.94. Salary temporarily reduced to USD 530.40/month per employer message. Decision: Not affordable. Safe to pay only USD 0.00 today, and the full USD 199.89 does not become safe within the 90-day horizon."
request_61,29062.0,affordable_with_plan,installments,2024-03-17:10074.83|2024-04-17:10074.83|2024-05-18:10074.83,2024-03-03,none,"Balance: ZAR 147,470.23 (min required: ZAR 36,700.00; headroom: ZAR 110,770.23). Committed outflows next 30 days: ZAR 32,361.81. Expected income next 30 days: ZAR 49,686.80. Decision: Full payment is not safe today (safe amount: ZAR 29,062.00). Installment plan: 2024-03-17:10074.83|2024-04-17:10074.83|2024-05-18:10074.83."
request_62,404.23,affordable_now,full_payment,2025-08-05:404.23,2025-08-05,none,"Balance: USD 5,151.44 (min required: USD 1,300.00; headroom: USD 3,851.44). Committed outflows next 30 days: USD 1,502.95. Expected income next 30 days: USD 1,605.77. Decision: Full payment of USD 404.23 is safe today. Balance remains above minimum throughout the 90-day forecast."
request_63,0.0,not_affordable,not_recommended,none,,none,"Balance: INR 251,795.00 (min required: INR 153,500.00; headroom: INR 98,295.00). Committed outflows next 30 days: INR 206,841.89. Expected income next 30 days: INR 192,272.40. Decision: Not affordable. Safe to pay only INR 0.00 today, and the full INR 343,900.00 does not become safe within the 90-day horizon."
request_64,0.0,not_affordable,not_recommended,none,,none,"Balance: INR 98,573.01 (min required: INR 36,100.00; headroom: INR 62,473.01). Committed outflows next 30 days: INR 138,187.16. Decision: Not affordable. Safe to pay only INR 0.00 today, and the full INR 63,700.00 does not become safe within the 90-day horizon."
request_65,4104.2,not_affordable,not_recommended,none,,none,"Balance: ZAR 28,524.00 (min required: ZAR 15,500.00; headroom: ZAR 13,024.00). Committed outflows next 30 days: ZAR 13,655.52. Expected income next 30 days: ZAR 28,654.78. Decision: Not affordable. Safe to pay only ZAR 4,104.20 today, and the full ZAR 54,340.00 does not become safe within the 90-day horizon."
request_66,22200.0,affordable_now,full_payment,2026-04-03:22200,2026-04-03,none,"Balance: INR 302,520.00 (min required: INR 80,700.00; headroom: INR 221,820.00). Committed outflows next 30 days: INR 79,510.35. Expected income next 30 days: INR 103,428.16. Decision: Full payment of INR 22,200.00 is safe today. Balance remains above minimum throughout the 90-day forecast."
request_67,164.68,affordable_later,wait,2024-09-15:2094,2024-09-15,none,"Balance: USD 1,992.54 (min required: USD 1,200.00; headroom: USD 792.54). Committed outflows next 30 days: USD 1,617.89. Expected income next 30 days: USD 3,943.68. Decision: Cannot safely pay USD 2,094.00 today (safe amount now: USD 164.68). Full payment becomes safe on 2024-09-15."
request_68,752.13,not_affordable,not_recommended,none,,none,"Balance: USD 3,657.83 (min required: USD 1,500.00; headroom: USD 2,157.83). Committed outflows next 30 days: USD 2,609.41. Expected income next 30 days: USD 2,496.00. Next salary expected on 2025-02-23. Decision: Not affordable. Safe to pay only USD 752.13 today, and the full USD 2,091.60 does not become safe within the 90-day horizon."
request_69,122.79,not_affordable,not_recommended,none,,none,"Balance: EUR 1,639.50 (min required: EUR 700.00; headroom: EUR 939.50). Committed outflows next 30 days: EUR 1,251.05. Expected income next 30 days: EUR 1,177.00. Decision: Not affordable. Safe to pay only EUR 122.79 today, and the full EUR 529.10 does not become safe within the 90-day horizon."
request_70,29835.46,not_affordable,not_recommended,none,,none,"Balance: INR 208,360.00 (min required: INR 115,000.00; headroom: INR 93,360.00). Committed outflows next 30 days: INR 164,322.43. Expected income next 30 days: INR 203,000.00. Decision: Not affordable. Safe to pay only INR 29,835.46 today, and the full INR 243,900.00 does not become safe within the 90-day horizon."
request_71,0.0,not_affordable,not_recommended,none,,none,"Balance: IDR 16,369,850.00 (min required: IDR 8,884,800.00; headroom: IDR 7,485,050.00). Committed outflows next 30 days: IDR 12,343,696.83. Salary temporarily reduced to IDR 696.00/month per employer message. Next salary expected on 2025-05-15. Decision: Not affordable. Safe to pay only IDR 0.00 today, and the full IDR 21,451,000.00 does not become safe within the 90-day horizon."
request_72,2921.65,not_affordable,not_recommended,none,,none,"Balance: ZAR 30,337.13 (min required: ZAR 12,200.00; headroom: ZAR 18,137.13). Committed outflows next 30 days: ZAR 18,634.25. Expected income next 30 days: ZAR 17,908.20. Salary temporarily reduced to ZAR 18,700.00/month per employer message. Next salary expected on 2026-07-15. Decision: Not affordable. Safe to pay only ZAR 2,921.65 today, and the full ZAR 11,330.00 does not become safe within the 90-day horizon."
request_73,49259.44,not_affordable,not_recommended,none,,none,"Balance: INR 278,542.50 (min required: INR 103,200.00; headroom: INR 175,342.50). Committed outflows next 30 days: INR 126,618.01. Expected income next 30 days: INR 129,360.30. Decision: Not affordable. Safe to pay only INR 49,259.44 today, and the full INR 71,400.00 does not become safe within the 90-day horizon."
request_74,5010.0,affordable_now,full_payment,2025-08-04:5010,2025-08-04,none,"Balance: ZAR 70,056.90 (min required: ZAR 21,900.00; headroom: ZAR 48,156.90). Committed outflows next 30 days: ZAR 18,456.64. Expected income next 30 days: ZAR 19,877.49. Decision: Full payment of ZAR 5,010.00 is safe today. Balance remains above minimum throughout the 90-day forecast."
request_75,28270.0,affordable_with_plan,installments,2026-04-09:9800.27|2026-05-09:9800.27|2026-06-08:9800.27,2026-04-06,none,"Balance: ZAR 145,867.87 (min required: ZAR 39,000.00; headroom: ZAR 106,867.87). Committed outflows next 30 days: ZAR 35,011.81. Expected income next 30 days: ZAR 50,820.00. Decision: Full payment is not safe today (safe amount: ZAR 28,270.00). Installment plan: 2026-04-09:9800.27|2026-05-09:9800.27|2026-06-08:9800.27."
request_76,744.82,not_affordable,not_recommended,none,,none,"Balance: USD 3,338.80 (min required: USD 1,800.00; headroom: USD 1,538.80). Committed outflows next 30 days: USD 2,082.19. Expected income next 30 days: USD 5,722.20. Salary temporarily reduced to USD 3,072.00/month per employer message. Decision: Not affordable. Safe to pay only USD 744.82 today, and the full USD 4,455.60 does not become safe within the 90-day horizon."
request_77,45269.35,not_affordable,not_recommended,none,,none,"Balance: INR 189,860.50 (min required: INR 82,200.00; headroom: INR 107,660.50). Committed outflows next 30 days: INR 108,268.85. Expected income next 30 days: INR 111,000.00. Decision: Not affordable. Safe to pay only INR 45,269.35 today, and the full INR 60,700.00 does not become safe within the 90-day horizon."
request_78,24859.95,not_affordable,not_recommended,none,,none,"Balance: INR 156,676.00 (min required: INR 55,200.00; headroom: INR 101,476.00). Committed outflows next 30 days: INR 90,387.16. Expected income next 30 days: INR 83,214.82. Decision: Not affordable. Safe to pay only INR 24,859.95 today, and the full INR 50,200.00 does not become safe within the 90-day horizon."
request_79,40.01,not_affordable,not_recommended,none,,none,"Balance: EUR 2,104.08 (min required: EUR 1,000.00; headroom: EUR 1,104.08). Committed outflows next 30 days: EUR 1,463.69. Expected income next 30 days: EUR 2,684.29. Decision: Not affordable. Safe to pay only EUR 40.01 today, and the full EUR 2,151.60 does not become safe within the 90-day horizon."
request_80,91827.0,not_affordable,not_recommended,none,,none,"Balance: INR 280,125.00 (min required: INR 121,300.00; headroom: INR 158,825.00). Committed outflows next 30 days: INR 196,501.21. Expected income next 30 days: INR 316,000.00. Salary temporarily reduced to INR 158,000.00/month per employer message. Decision: Not affordable. Safe to pay only INR 91,827.00 today, and the full INR 217,500.00 does not become safe within the 90-day horizon."
request_81,1058.08,not_affordable,not_recommended,none,,none,"Balance: USD 5,028.25 (min required: USD 1,600.00; headroom: USD 3,428.25). Committed outflows next 30 days: USD 3,190.56. Expected income next 30 days: USD 2,630.13. Decision: Not affordable. Safe to pay only USD 1,058.08 today, and the full USD 2,076.00 does not become safe within the 90-day horizon."
request_82,197.26,affordable_later,wait,2025-01-15:1405.20,2025-01-15,none,"Balance: USD 2,202.40 (min required: USD 1,100.00; headroom: USD 1,102.40). Committed outflows next 30 days: USD 1,654.04. Expected income next 30 days: USD 2,412.04. Decision: Cannot safely pay USD 1,405.20 today (safe amount now: USD 197.26). Full payment becomes safe on 2025-01-15."
request_83,1225.19,not_affordable,not_recommended,none,,none,"Balance: INR 68,930.00 (min required: INR 37,800.00; headroom: INR 31,130.00). Committed outflows next 30 days: INR 50,466.42. Expected income next 30 days: INR 62,000.00. Salary temporarily reduced to INR 62,000.00/month per employer message. Next salary expected on 2025-05-15. Decision: Not affordable. Safe to pay only INR 1,225.19 today, and the full INR 156,200.00 does not become safe within the 90-day horizon."
request_84,0.0,not_affordable,not_recommended,none,,none,"Balance: INR 153,945.00 (min required: INR 91,300.00; headroom: INR 62,645.00). Committed outflows next 30 days: INR 116,196.49. Decision: Not affordable. Safe to pay only INR 0.00 today, and the full INR 95,400.00 does not become safe within the 90-day horizon."
request_85,0.0,not_affordable,not_recommended,none,,none,"Balance: IDR 8,818,420.00 (min required: IDR 6,396,300.00; headroom: IDR 2,422,120.00). Committed outflows next 30 days: IDR 7,404,029.90. Expected income next 30 days: IDR 8,299,931.58. Decision: Not affordable. Safe to pay only IDR 0.00 today, and the full IDR 19,304,000.00 does not become safe within the 90-day horizon."
request_86,46300.0,affordable_now,full_payment,2025-08-03:46300,2025-08-03,none,"Balance: INR 228,639.50 (min required: INR 84,900.00; headroom: INR 143,739.50). Committed outflows next 30 days: INR 81,505.72. Expected income next 30 days: INR 234,199.18. Decision: Full payment of INR 46,300.00 is safe today. Balance remains above minimum throughout the 90-day forecast."
request_87,0.0,not_affordable,not_recommended,none,,none,"Balance: INR 278,750.00 (min required: INR 185,900.00; headroom: INR 92,850.00). Committed outflows next 30 days: INR 261,056.72. Expected income next 30 days: INR 246,060.64. Salary temporarily reduced to INR 251,000.00/month per employer message. Next salary expected on 2026-01-15. Decision: Not affordable. Safe to pay only INR 0.00 today, and the full INR 487,900.00 does not become safe within the 90-day horizon."
request_88,7092.82,not_affordable,not_recommended,none,,none,"Balance: ZAR 41,357.89 (min required: ZAR 25,800.00; headroom: ZAR 15,557.89). Committed outflows next 30 days: ZAR 24,310.52. Expected income next 30 days: ZAR 33,810.58. Decision: Not affordable. Safe to pay only ZAR 7,092.82 today, and the full ZAR 26,092.00 does not become safe within the 90-day horizon."
request_89,6719895.14,affordable_with_plan,installments,2025-11-18:4768746.67|2025-12-16:4768746.67|2026-01-13:4768746.67,2025-11-15,none,"Balance: IDR 27,331,862.01 (min required: IDR 12,534,700.00; headroom: IDR 14,797,162.01). Committed outflows next 30 days: IDR 14,973,067.95. Expected income next 30 days: IDR 28,702,357.64. Decision: Full payment is not safe today (safe amount: IDR 6,719,895.14). Installment plan: 2025-11-18:4768746.67|2025-12-16:4768746.67|2026-01-13:4768746.67."
request_90,2560.0,affordable_now,full_payment,2026-07-06:2560,2026-07-06,none,"Balance: ZAR 31,629.50 (min required: ZAR 7,600.00; headroom: ZAR 24,029.50). Committed outflows next 30 days: ZAR 7,773.24. Expected income next 30 days: ZAR 8,788.76. Decision: Full payment of ZAR 2,560.00 is safe today. Balance remains above minimum throughout the 90-day forecast."
request_91,0.0,not_affordable,not_recommended,none,,none,"Balance: EUR 4,209.60 (min required: EUR 2,100.00; headroom: EUR 2,109.60). Committed outflows next 30 days: EUR 2,661.70. Expected income next 30 days: EUR 2,291.00. Decision: Not affordable. Safe to pay only EUR 0.00 today, and the full EUR 1,927.20 does not become safe within the 90-day horizon."
request_92,33486.1,affordable_with_plan,full_payment,2025-02-05:34034,2025-02-15,reduce_to:event_8662:1369.34,"Balance: ZAR 78,664.47 (min required: ZAR 28,100.00; headroom: ZAR 50,564.47). Committed outflows next 30 days: ZAR 35,963.83. Expected income next 30 days: ZAR 93,517.24. Salary temporarily reduced to ZAR 49,280.00/month per employer message. Decision: Affordable with plan. Payment plan: 2025-02-05:34034. Spending changes required to cover shortfall (saves ZAR 547.90/month)."
request_93,1668.28,affordable_with_plan,full_payment,2026-04-07:1729.20,2026-04-15,stop:event_8691|reduce_to:event_8730:95.01,"Balance: USD 3,962.10 (min required: USD 1,900.00; headroom: USD 2,062.10). Committed outflows next 30 days: USD 1,753.32. Expected income next 30 days: USD 2,256.99. Decision: Affordable with plan. Payment plan: 2026-04-07:1729.20. Spending changes required to cover shortfall (saves USD 60.92/month)."
request_94,572.0,affordable_now,full_payment,2024-12-04:572,2024-12-04,none,"Balance: EUR 2,663.60 (min required: EUR 600.00; headroom: EUR 2,063.60). Committed outflows next 30 days: EUR 754.34. Expected income next 30 days: EUR 895.60. Decision: Full payment of EUR 572.00 is safe today. Balance remains above minimum throughout the 90-day forecast."
request_95,132.42,not_affordable,not_recommended,none,,none,"Balance: INR 283,365.00 (min required: INR 145,500.00; headroom: INR 137,865.00). Committed outflows next 30 days: INR 233,587.52. Expected income next 30 days: INR 251,000.00. Next salary expected on 2025-05-23. Decision: Not affordable. Safe to pay only INR 132.42 today, and the full INR 553,000.00 does not become safe within the 90-day horizon."
request_96,72469.23,affordable_with_plan,installments,2026-01-10:31269.33|2026-02-09:31269.33|2026-03-11:31269.33,2026-01-15,none,"Balance: INR 161,635.49 (min required: INR 56,500.00; headroom: INR 105,135.49). Committed outflows next 30 days: INR 85,420.21. Expected income next 30 days: INR 158,264.02. Decision: Full payment is not safe today (safe amount: INR 72,469.23). Installment plan: 2026-01-10:31269.33|2026-02-09:31269.33|2026-03-11:31269.33."
request_97,0.0,not_affordable,not_recommended,none,,none,"Balance: ZAR 38,565.89 (min required: ZAR 29,700.00; headroom: ZAR 8,865.89). Committed outflows next 30 days: ZAR 27,958.43. Expected income next 30 days: ZAR 70,840.00. Decision: Not affordable. Safe to pay only ZAR 0.00 today, and the full ZAR 23,496.00 does not become safe within the 90-day horizon."
request_98,0.0,not_affordable,not_recommended,none,,none,"Balance: ZAR 47,244.70 (min required: ZAR 30,000.00; headroom: ZAR 17,244.70). Committed outflows next 30 days: ZAR 33,607.77. Expected income next 30 days: ZAR 559.16. Salary temporarily reduced to ZAR 1,804.00/month per employer message. Next salary expected on 2025-08-15. Decision: Not affordable. Safe to pay only ZAR 0.00 today, and the full ZAR 27,148.00 does not become safe within the 90-day horizon."
request_99,11164.77,not_affordable,not_recommended,none,,none,"Balance: ZAR 86,706.58 (min required: ZAR 49,100.00; headroom: ZAR 37,606.58). Committed outflows next 30 days: ZAR 37,021.92. Expected income next 30 days: ZAR 99,125.21. Decision: Not affordable. Safe to pay only ZAR 11,164.77 today, and the full ZAR 18,062.00 does not become safe within the 90-day horizon."
request_100,20583.17,affordable_with_plan,installments,2024-06-13:12866.19|2024-07-14:12866.19|2024-08-14:12866.19,2024-06-15,none,"Balance: ZAR 68,363.53 (min required: ZAR 32,500.00; headroom: ZAR 35,863.53). Committed outflows next 30 days: ZAR 45,183.62. Expected income next 30 days: ZAR 99,248.74. Decision: Full payment is not safe today (safe amount: ZAR 20,583.17). Installment plan: 2024-06-13:12866.19|2024-07-14:12866.19|2024-08-14:12866.19."
request_101,135335.23,affordable_with_plan,full_payment,2025-11-03:143500,2025-11-15,reduce_to:event_9413:4210|reduce_to:event_9418:6437.92,"Balance: INR 465,868.50 (min required: INR 187,400.00; headroom: INR 278,468.50). Committed outflows next 30 days: INR 206,370.14. Expected income next 30 days: INR 237,903.08. Decision: Affordable with plan. Payment plan: 2025-11-03:143500. Spending changes required to cover shortfall (saves INR 8,164.77/month)."
request_102,1716.0,affordable_with_plan,installments,2026-04-05:594.88|2026-05-05:594.88|2026-06-04:594.88,2026-04-05,none,"Balance: EUR 4,643.74 (min required: EUR 900.00; headroom: EUR 3,743.74). Committed outflows next 30 days: EUR 912.70. Expected income next 30 days: EUR 1,421.71. Decision: Full payment is not safe today (safe amount: EUR 1,716.00). Installment plan: 2026-04-05:594.88|2026-05-05:594.88|2026-06-04:594.88."
request_103,12714.97,not_affordable,not_recommended,none,,none,"Balance: INR 168,749.00 (min required: INR 125,500.00; headroom: INR 43,249.00). Committed outflows next 30 days: INR 162,617.24. Expected income next 30 days: INR 163,125.00. Salary temporarily reduced to INR 164,880.00/month per employer message. Decision: Not affordable. Safe to pay only INR 12,714.97 today, and the full INR 368,300.00 does not become safe within the 90-day horizon."
request_104,17204.0,affordable_now,full_payment,2025-02-04:17204,2025-02-04,none,"Balance: ZAR 64,021.70 (min required: ZAR 24,700.00; headroom: ZAR 39,321.70). Committed outflows next 30 days: ZAR 37,516.88. Expected income next 30 days: ZAR 71,720.00. Salary temporarily reduced to ZAR 35,860.00/month per employer message. Decision: Full payment of ZAR 17,204.00 is safe today. Balance remains above minimum throughout the 90-day forecast."
request_105,14131.93,not_affordable,not_recommended,none,,none,"Balance: INR 147,831.80 (min required: INR 73,900.00; headroom: INR 73,931.80). Committed outflows next 30 days: INR 117,857.07. Expected income next 30 days: INR 117,000.00. Decision: Not affordable. Safe to pay only INR 14,131.93 today, and the full INR 53,500.00 does not become safe within the 90-day horizon."
request_106,248.6,not_affordable,not_recommended,none,,none,"Balance: EUR 2,601.70 (min required: EUR 1,200.00; headroom: EUR 1,401.70). Committed outflows next 30 days: EUR 931.26. Expected income next 30 days: EUR 1,815.00. Salary temporarily reduced to EUR 1,815.00/month per employer message. Next salary expected on 2024-12-15. Decision: Not affordable. Safe to pay only EUR 248.60 today, and the full EUR 2,207.70 does not become safe within the 90-day horizon."
request_107,1089.03,not_affordable,not_recommended,none,,none,"Balance: EUR 5,054.52 (min required: EUR 1,600.00; headroom: EUR 3,454.52). Committed outflows next 30 days: EUR 2,498.02. Expected income next 30 days: EUR 2,029.97. Salary temporarily reduced to EUR 2,123.00/month per employer message. Next salary expected on 2025-05-15. Decision: Not affordable. Safe to pay only EUR 1,089.03 today, and the full EUR 2,534.40 does not become safe within the 90-day horizon."
request_108,661.46,not_affordable,not_recommended,none,,none,"Balance: ZAR 31,936.40 (min required: ZAR 24,100.00; headroom: ZAR 7,836.40). Committed outflows next 30 days: ZAR 19,199.12. Expected income next 30 days: ZAR 62,478.48. Salary temporarily reduced to ZAR 33,440.00/month per employer message. Decision: Not affordable. Safe to pay only ZAR 661.46 today, and the full ZAR 55,308.00 does not become safe within the 90-day horizon."
request_109,338.6,affordable_with_plan,installments,2024-03-18:645.98|2024-04-18:645.98|2024-05-19:645.98,2024-03-15,none,"Balance: EUR 2,976.46 (min required: EUR 1,700.00; headroom: EUR 1,276.46). Committed outflows next 30 days: EUR 2,624.13. Expected income next 30 days: EUR 4,999.68. Decision: Full payment is not safe today (safe amount: EUR 338.60). Installment plan: 2024-03-18:645.98|2024-04-18:645.98|2024-05-19:645.98."
request_110,22352.0,affordable_with_plan,installments,2025-08-06:7748.69|2025-09-03:7748.69|2025-10-01:7748.69,2025-08-06,none,"Balance: ZAR 61,229.53 (min required: ZAR 11,200.00; headroom: ZAR 50,029.53). Committed outflows next 30 days: ZAR 13,502.31. Expected income next 30 days: ZAR 14,522.21. Decision: Full payment is not safe today (safe amount: ZAR 22,352.00). Installment plan: 2025-08-06:7748.69|2025-09-03:7748.69|2025-10-01:7748.69."
request_111,16625000.0,affordable_now,full_payment,2026-04-03:16625000,2026-04-03,none,"Balance: IDR 85,204,860.00 (min required: IDR 23,022,800.00; headroom: IDR 62,182,060.00). Committed outflows next 30 days: IDR 20,195,409.22. Expected income next 30 days: IDR 26,220,000.00. Decision: Full payment of IDR 16,625,000.00 is safe today. Balance remains above minimum throughout the 90-day forecast."
request_112,136.35,not_affordable,not_recommended,none,,none,"Balance: EUR 1,026.00 (min required: EUR 500.00; headroom: EUR 526.00). Committed outflows next 30 days: EUR 636.43. Expected income next 30 days: EUR 572.06. Salary temporarily reduced to EUR 627.00/month per employer message. Next salary expected on 2024-06-15. Decision: Not affordable. Safe to pay only EUR 136.35 today, and the full EUR 271.70 does not become safe within the 90-day horizon."
request_113,0.0,not_affordable,not_recommended,none,,none,"Balance: INR 141,890.00 (min required: INR 82,300.00; headroom: INR 59,590.00). Committed outflows next 30 days: INR 116,152.43. Decision: Not affordable. Safe to pay only INR 0.00 today, and the full INR 36,500.00 does not become safe within the 90-day horizon."
request_114,40985.67,not_affordable,not_recommended,none,,none,"Balance: INR 219,230.00 (min required: INR 113,400.00; headroom: INR 105,830.00). Committed outflows next 30 days: INR 138,779.08. Expected income next 30 days: INR 136,525.77. Salary temporarily reduced to INR 148,200.00/month per employer message. Decision: Not affordable. Safe to pay only INR 40,985.67 today, and the full INR 65,300.00 does not become safe within the 90-day horizon."
request_115,10892.58,affordable_later,wait,2024-11-15:80500,2024-11-15,none,"Balance: INR 65,935.00 (min required: INR 38,800.00; headroom: INR 27,135.00). Committed outflows next 30 days: INR 32,499.25. Expected income next 30 days: INR 56,829.12. Decision: Cannot safely pay INR 80,500.00 today (safe amount now: INR 10,892.58). Full payment becomes safe on 2024-11-15."
request_116,9147.02,not_affordable,not_recommended,none,,none,"Balance: INR 138,375.00 (min required: INR 80,300.00; headroom: INR 58,075.00). Committed outflows next 30 days: INR 127,716.24. Expected income next 30 days: INR 244,808.89. Decision: Not affordable. Safe to pay only INR 9,147.02 today, and the full INR 241,200.00 does not become safe within the 90-day horizon."
request_117,826.67,affordable_with_plan,full_payment,2026-07-05:880,2026-07-15,reduce_to:event_10873:20.50|stop:event_10833|reduce_to:event_10875:28.42,"Balance: EUR 2,164.20 (min required: EUR 1,000.00; headroom: EUR 1,164.20). Committed outflows next 30 days: EUR 671.72. Expected income next 30 days: EUR 1,188.00. Salary temporarily reduced to EUR 1,188.00/month per employer message. Next salary expected on 2026-07-15. Decision: Affordable with plan. Payment plan: 2026-07-05:880. Spending changes required to cover shortfall (saves EUR 53.33/month)."
request_118,548.88,affordable_with_plan,installments,2024-12-07:255.87|2025-01-07:255.87|2025-02-07:255.87,2024-12-15,none,"Balance: EUR 1,538.51 (min required: EUR 600.00; headroom: EUR 938.51). Committed outflows next 30 days: EUR 799.76. Expected income next 30 days: EUR 1,077.30. Decision: Full payment is not safe today (safe amount: EUR 548.88). Installment plan: 2024-12-07:255.87|2025-01-07:255.87|2025-02-07:255.87."
request_119,58496.03,not_affordable,not_recommended,none,,none,"Balance: INR 282,101.01 (min required: INR 151,200.00; headroom: INR 130,901.01). Committed outflows next 30 days: INR 123,935.13. Expected income next 30 days: INR 176,000.00. Salary temporarily reduced to INR 176,000.00/month per employer message. Next salary expected on 2025-05-15. Decision: Not affordable. Safe to pay only INR 58,496.03 today, and the full INR 203,500.00 does not become safe within the 90-day horizon."
request_120,5405321.17,not_affordable,not_recommended,none,,none,"Balance: IDR 31,748,980.00 (min required: IDR 20,050,300.00; headroom: IDR 11,698,680.00). Committed outflows next 30 days: IDR 18,426,751.07. Expected income next 30 days: IDR 23,245,269.34. Decision: Not affordable. Safe to pay only IDR 5,405,321.17 today, and the full IDR 7,714,000.00 does not become safe within the 90-day horizon."
request_121,562.68,not_affordable,not_recommended,none,,none,"Balance: USD 1,741.00 (min required: USD 800.00; headroom: USD 941.00). Committed outflows next 30 days: USD 969.68. Expected income next 30 days: USD 2,112.00. Decision: Not affordable. Safe to pay only USD 562.68 today, and the full USD 633.60 does not become safe within the 90-day horizon."
request_122,20558000.0,affordable_with_plan,installments,2025-08-05:7126773.33|2025-09-02:7126773.33|2025-09-30:7126773.33,2025-08-05,none,"Balance: IDR 56,827,244.99 (min required: IDR 12,588,500.00; headroom: IDR 44,238,744.99). Committed outflows next 30 days: IDR 11,980,601.20. Expected income next 30 days: IDR 16,815,527.43. Decision: Full payment is not safe today (safe amount: IDR 20,558,000.00). Installment plan: 2025-08-05:7126773.33|2025-09-02:7126773.33|2025-09-30:7126773.33."
request_123,4076000.0,affordable_now,full_payment,2026-01-07:4076000,2026-01-07,none,"Balance: IDR 63,706,400.00 (min required: IDR 18,091,200.00; headroom: IDR 45,615,200.00). Committed outflows next 30 days: IDR 17,471,671.46. Expected income next 30 days: IDR 18,085,746.05. Decision: Full payment of IDR 4,076,000.00 is safe today. Balance remains above minimum throughout the 90-day forecast."
request_124,1347.12,affordable_with_plan,installments,2024-06-11:1076.12|2024-07-12:1076.12|2024-08-12:1076.12,2024-06-15,none,"Balance: EUR 3,709.56 (min required: EUR 1,600.00; headroom: EUR 2,109.56). Committed outflows next 30 days: EUR 2,005.54. Expected income next 30 days: EUR 5,258.00. Decision: Full payment is not safe today (safe amount: EUR 1,347.12). Installment plan: 2024-06-11:1076.12|2024-07-12:1076.12|2024-08-12:1076.12."
request_125,0.0,not_affordable,not_recommended,none,,none,"Balance: ZAR 22,027.97 (min required: ZAR 11,300.00; headroom: ZAR 10,727.97). Committed outflows next 30 days: ZAR 14,609.45. Expected income next 30 days: ZAR 129.45. Salary temporarily reduced to ZAR 748.00/month per employer message. Next salary expected on 2025-11-15. Decision: Not affordable. Safe to pay only ZAR 0.00 today, and the full ZAR 6,468.00 does not become safe within the 90-day horizon."
request_126,159600.0,affordable_now,full_payment,2026-07-03:159600,2026-07-03,none,"Balance: INR 403,175.00 (min required: INR 129,700.00; headroom: INR 273,475.00). Committed outflows next 30 days: INR 58,027.61. Expected income next 30 days: INR 123,769.20. Decision: Full payment of INR 159,600.00 is safe today. Balance remains above minimum throughout the 90-day forecast."
request_127,0.0,not_affordable,not_recommended,none,,none,"Balance: ZAR 66,058.00 (min required: ZAR 41,000.00; headroom: ZAR 25,058.00). Committed outflows next 30 days: ZAR 50,614.82. Expected income next 30 days: ZAR 46,896.95. Salary temporarily reduced to ZAR 50,160.00/month per employer message. Next salary expected on 2024-09-15. Decision: Not affordable. Safe to pay only ZAR 0.00 today, and the full ZAR 23,980.00 does not become safe within the 90-day horizon."
request_128,23216.36,affordable_with_plan,full_payment,2025-02-07:25168,2025-02-15,reduce_to:event_11812:1058.20|reduce_to:event_11855:1292.88,"Balance: ZAR 80,711.70 (min required: ZAR 42,600.00; headroom: ZAR 38,111.70). Committed outflows next 30 days: ZAR 40,899.06. Expected income next 30 days: ZAR 85,520.93. Decision: Affordable with plan. Payment plan: 2025-02-07:25168. Spending changes required to cover shortfall (saves ZAR 1,951.64/month)."
request_129,6.53,not_affordable,not_recommended,none,,none,"Balance: USD 1,088.00 (min required: USD 800.00; headroom: USD 288.00). Committed outflows next 30 days: USD 906.74. Expected income next 30 days: USD 1,020.00. Decision: Not affordable. Safe to pay only USD 6.53 today, and the full USD 2,668.80 does not become safe within the 90-day horizon."
request_130,334.86,not_affordable,not_recommended,none,,none,"Balance: USD 2,317.46 (min required: USD 1,400.00; headroom: USD 917.46). Committed outflows next 30 days: USD 1,928.19. Expected income next 30 days: USD 2,034.77. Salary temporarily reduced to USD 2,177.28/month per employer message. Decision: Not affordable. Safe to pay only USD 334.86 today, and the full USD 1,978.80 does not become safe within the 90-day horizon."
request_131,889.33,not_affordable,not_recommended,none,,none,"Balance: USD 3,387.16 (min required: USD 1,100.00; headroom: USD 2,287.16). Committed outflows next 30 days: USD 1,451.06. Expected income next 30 days: USD 1,579.59. Next salary expected on 2025-05-23. Decision: Not affordable. Safe to pay only USD 889.33 today, and the full USD 1,855.20 does not become safe within the 90-day horizon."
request_132,23.07,not_affordable,not_recommended,none,,none,"Balance: USD 1,744.55 (min required: USD 1,100.00; headroom: USD 644.55). Committed outflows next 30 days: USD 1,111.27. Expected income next 30 days: USD 1,168.51. Salary temporarily reduced to USD 1,193.40/month per employer message. Decision: Not affordable. Safe to pay only USD 23.07 today, and the full USD 379.86 does not become safe within the 90-day horizon."
request_133,15770000.0,not_affordable,not_recommended,none,,none,"Balance: IDR 36,824,650.00 (min required: IDR 9,986,200.00; headroom: IDR 26,838,450.00). Committed outflows next 30 days: IDR 10,332,908.99. Expected income next 30 days: IDR 17,282,226.70. Decision: Not affordable. Safe to pay only IDR 15,770,000.00 today, and the full IDR 15,770,000.00 does not become safe within the 90-day horizon."
request_134,1720836.66,affordable_later,wait,2025-08-15:21831000,2025-08-15,none,"Balance: IDR 28,020,700.00 (min required: IDR 15,902,500.00; headroom: IDR 12,118,200.00). Committed outflows next 30 days: IDR 23,747,862.62. Expected income next 30 days: IDR 47,098,892.90. Decision: Cannot safely pay IDR 21,831,000.00 today (safe amount now: IDR 1,720,836.66). Full payment becomes safe on 2025-08-15."
request_135,151.33,not_affordable,not_recommended,none,,none,"Balance: USD 1,041.10 (min required: USD 500.00; headroom: USD 541.10). Committed outflows next 30 days: USD 532.72. Expected income next 30 days: USD 603.44. Next salary expected on 2026-07-15. Decision: Not affordable. Safe to pay only USD 151.33 today, and the full USD 304.80 does not become safe within the 90-day horizon."
request_136,523.76,affordable_with_plan,full_payment,2024-06-03:560.40,2024-06-15,reduce_to:event_12498:30.96,"Balance: USD 2,291.68 (min required: USD 1,100.00; headroom: USD 1,191.68). Committed outflows next 30 days: USD 1,367.05. Expected income next 30 days: USD 2,960.14. Decision: Affordable with plan. Payment plan: 2024-06-03:560.40. Spending changes required to cover shortfall (saves USD 36.64/month)."
request_137,0.0,not_affordable,not_recommended,none,,none,"Balance: INR 139,760.00 (min required: INR 71,800.00; headroom: INR 67,960.00). Committed outflows next 30 days: INR 122,358.56. Expected income next 30 days: INR 114,000.00. Decision: Not affordable. Safe to pay only INR 0.00 today, and the full INR 80,100.00 does not become safe within the 90-day horizon."
request_138,273.32,affordable_with_plan,partial_payment,2026-04-07:273.32|2026-05-15:983.62,2026-05-15,none,"Balance: EUR 3,644.65 (min required: EUR 2,300.00; headroom: EUR 1,344.65). Committed outflows next 30 days: EUR 2,213.48. Expected income next 30 days: EUR 2,614.20. Decision: Pay EUR 273.32 today; remaining balance due on 2026-05-15. Plan: 2026-04-07:273.32|2026-05-15:983.62."
request_139,1089.39,affordable_with_plan,installments,2024-09-07:802.88|2024-10-08:802.88|2024-11-08:802.88,2024-09-15,none,"Balance: USD 3,767.84 (min required: USD 1,500.00; headroom: USD 2,267.84). Committed outflows next 30 days: USD 1,635.25. Expected income next 30 days: USD 3,540.67. Decision: Full payment is not safe today (safe amount: USD 1,089.39). Installment plan: 2024-09-07:802.88|2024-10-08:802.88|2024-11-08:802.88."
request_140,0.0,not_affordable,not_recommended,none,,none,"Balance: ZAR 34,679.00 (min required: ZAR 21,600.00; headroom: ZAR 13,079.00). Committed outflows next 30 days: ZAR 42,022.62. Expected income next 30 days: ZAR 30,711.81. Salary temporarily reduced to ZAR 31,900.00/month per employer message. Next salary expected on 2025-02-15. Decision: Not affordable. Safe to pay only ZAR 0.00 today, and the full ZAR 62,832.00 does not become safe within the 90-day horizon."
request_141,0.0,not_affordable,not_recommended,none,,none,"Balance: INR 122,545.00 (min required: INR 67,300.00; headroom: INR 55,245.00). Committed outflows next 30 days: INR 106,598.25. Expected income next 30 days: INR 97,000.00. Decision: Not affordable. Safe to pay only INR 0.00 today, and the full INR 171,600.00 does not become safe within the 90-day horizon."
request_142,1263.6,affordable_now,full_payment,2024-12-05:1263.60,2024-12-05,none,"Balance: USD 5,993.85 (min required: USD 1,700.00; headroom: USD 4,293.85). Committed outflows next 30 days: USD 1,545.77. Expected income next 30 days: USD 2,342.27. Decision: Full payment of USD 1,263.60 is safe today. Balance remains above minimum throughout the 90-day forecast."
request_143,1342.52,not_affordable,not_recommended,none,,none,"Balance: ZAR 20,111.00 (min required: ZAR 11,300.00; headroom: ZAR 8,811.00). Committed outflows next 30 days: ZAR 14,979.25. Expected income next 30 days: ZAR 14,756.50. Decision: Not affordable. Safe to pay only ZAR 1,342.52 today, and the full ZAR 12,584.00 does not become safe within the 90-day horizon."
request_144,0.0,not_affordable,not_recommended,none,,none,"Balance: USD 1,248.08 (min required: USD 600.00; headroom: USD 648.08). Committed outflows next 30 days: USD 1,001.33. Expected income next 30 days: USD 827.73. Salary temporarily reduced to USD 864.00/month per employer message. Next salary expected on 2026-07-15. Decision: Not affordable. Safe to pay only USD 0.00 today, and the full USD 233.34 does not become safe within the 90-day horizon."
request_145,0.0,not_affordable,not_recommended,none,,none,"Balance: INR 261,013.66 (min required: INR 155,400.00; headroom: INR 105,613.66). Committed outflows next 30 days: INR 218,220.62. Expected income next 30 days: INR 367,998.43. Decision: Not affordable. Safe to pay only INR 0.00 today, and the full INR 217,400.00 does not become safe within the 90-day horizon."
request_146,0.0,not_affordable,not_recommended,none,,none,"Balance: INR 190,065.00 (min required: INR 108,600.00; headroom: INR 81,465.00). Committed outflows next 30 days: INR 123,869.66. Expected income next 30 days: INR 333,124.40. Decision: Not affordable. Safe to pay only INR 0.00 today, and the full INR 449,400.00 does not become safe within the 90-day horizon."
request_147,178.65,not_affordable,not_recommended,none,,none,"Balance: EUR 1,641.53 (min required: EUR 900.00; headroom: EUR 741.53). Committed outflows next 30 days: EUR 1,241.31. Expected income next 30 days: EUR 1,458.07. Salary temporarily reduced to EUR 1,529.00/month per employer message. Next salary expected on 2026-04-15. Decision: Not affordable. Safe to pay only EUR 178.65 today, and the full EUR 1,129.70 does not become safe within the 90-day horizon."
request_148,0.0,not_affordable,not_recommended,none,,none,"Balance: ZAR 33,181.08 (min required: ZAR 20,000.00; headroom: ZAR 13,181.08). Committed outflows next 30 days: ZAR 36,865.22. Expected income next 30 days: ZAR 35,640.00. Decision: Not affordable. Safe to pay only ZAR 0.00 today, and the full ZAR 22,242.00 does not become safe within the 90-day horizon."
request_149,15377.1,affordable_with_plan,installments,2025-11-18:12706.03|2025-12-16:12706.03|2026-01-13:12706.03,2025-11-15,none,"Balance: ZAR 84,358.38 (min required: ZAR 42,100.00; headroom: ZAR 42,258.38). Committed outflows next 30 days: ZAR 52,038.14. Expected income next 30 days: ZAR 103,343.44. Decision: Full payment is not safe today (safe amount: ZAR 15,377.10). Installment plan: 2025-11-18:12706.03|2025-12-16:12706.03|2026-01-13:12706.03."
request_150,0.0,not_affordable,not_recommended,none,,none,"Balance: EUR 1,257.44 (min required: EUR 700.00; headroom: EUR 557.44). Committed outflows next 30 days: EUR 907.90. Expected income next 30 days: EUR 834.89. Salary temporarily reduced to EUR 893.75/month per employer message. Decision: Not affordable. Safe to pay only EUR 0.00 today, and the full EUR 496.10 does not become safe within the 90-day horizon."
request_151,26999000.0,affordable_now,full_payment,2024-09-03:26999000,2024-09-03,none,"Balance: IDR 83,998,265.00 (min required: IDR 31,633,600.00; headroom: IDR 52,364,665.00). Committed outflows next 30 days: IDR 28,960,538.08. Expected income next 30 days: IDR 45,027,511.65. Salary temporarily reduced to IDR 46,170,000.00/month per employer message. Next salary expected on 2024-09-15. Decision: Full payment of IDR 26,999,000.00 is safe today. Balance remains above minimum throughout the 90-day forecast."
request_152,5611.84,not_affordable,not_recommended,none,,none,"Balance: ZAR 28,368.77 (min required: ZAR 11,900.00; headroom: ZAR 16,468.77). Committed outflows next 30 days: ZAR 16,104.06. Expected income next 30 days: ZAR 12,666.75. Decision: Not affordable. Safe to pay only ZAR 5,611.84 today, and the full ZAR 13,882.00 does not become safe within the 90-day horizon."
request_153,0.0,not_affordable,not_recommended,none,,none,"Balance: USD 1,903.60 (min required: USD 1,400.00; headroom: USD 503.60). Committed outflows next 30 days: USD 1,672.90. Expected income next 30 days: USD 1,350.04. Decision: Not affordable. Safe to pay only USD 0.00 today, and the full USD 2,830.80 does not become safe within the 90-day horizon."
request_154,1625.8,affordable_with_plan,installments,2024-12-04:563.61|2025-01-04:563.61|2025-02-04:563.61,2024-12-04,none,"Balance: EUR 4,679.40 (min required: EUR 1,300.00; headroom: EUR 3,379.40). Committed outflows next 30 days: EUR 2,016.06. Expected income next 30 days: EUR 3,256.00. Salary temporarily reduced to EUR 1,628.00/month per employer message. Decision: Full payment is not safe today (safe amount: EUR 1,625.80). Installment plan: 2024-12-04:563.61|2025-01-04:563.61|2025-02-04:563.61."
request_155,112500.0,affordable_now,full_payment,2025-05-06:112500,2025-05-06,none,"Balance: INR 218,050.00 (min required: INR 56,300.00; headroom: INR 161,750.00). Committed outflows next 30 days: INR 58,322.22. Expected income next 30 days: INR 80,471.36. Salary temporarily reduced to INR 84,000.00/month per employer message. Next salary expected on 2025-05-15. Decision: Full payment of INR 112,500.00 is safe today. Balance remains above minimum throughout the 90-day forecast."
request_156,2218.2,not_affordable,not_recommended,none,,none,"Balance: ZAR 42,105.30 (min required: ZAR 26,900.00; headroom: ZAR 15,205.30). Committed outflows next 30 days: ZAR 25,722.64. Expected income next 30 days: ZAR 32,340.00. Decision: Not affordable. Safe to pay only ZAR 2,218.20 today, and the full ZAR 43,076.00 does not become safe within the 90-day horizon."
request_157,1591936.02,not_affordable,not_recommended,none,,none,"Balance: IDR 25,805,950.00 (min required: IDR 15,714,100.00; headroom: IDR 10,091,850.00). Committed outflows next 30 days: IDR 21,741,813.09. Expected income next 30 days: IDR 23,368,449.61. Decision: Not affordable. Safe to pay only IDR 1,591,936.02 today, and the full IDR 23,503,000.00 does not become safe within the 90-day horizon."
request_158,242600.0,affordable_with_plan,installments,2025-08-07:84101.33|2025-09-04:84101.33|2025-10-02:84101.33,2025-08-07,none,"Balance: INR 745,417.10 (min required: INR 131,400.00; headroom: INR 614,017.10). Committed outflows next 30 days: INR 121,049.52. Expected income next 30 days: INR 182,006.07. Decision: Full payment is not safe today (safe amount: INR 242,600.00). Installment plan: 2025-08-07:84101.33|2025-09-04:84101.33|2025-10-02:84101.33."
request_159,13398.0,affordable_now,full_payment,2026-01-04:13398,2026-01-04,none,"Balance: ZAR 40,283.20 (min required: ZAR 8,700.00; headroom: ZAR 31,583.20). Committed outflows next 30 days: ZAR 8,282.69. Expected income next 30 days: ZAR 12,358.44. Decision: Full payment of ZAR 13,398.00 is safe today. Balance remains above minimum throughout the 90-day forecast."
request_160,456.63,not_affordable,not_recommended,none,,none,"Balance: EUR 2,144.61 (min required: EUR 1,200.00; headroom: EUR 944.61). Committed outflows next 30 days: EUR 1,299.06. Expected income next 30 days: EUR 1,603.27. Salary temporarily reduced to EUR 1,672.00/month per employer message. Next salary expected on 2024-06-15. Decision: Not affordable. Safe to pay only EUR 456.63 today, and the full EUR 1,246.30 does not become safe within the 90-day horizon."
request_161,0.0,not_affordable,not_recommended,none,,none,"Balance: IDR 41,308,350.00 (min required: IDR 23,010,400.00; headroom: IDR 18,297,950.00). Committed outflows next 30 days: IDR 34,289,846.60. Expected income next 30 days: IDR 12,371,749.27. Next salary expected on 2025-11-15. Decision: Not affordable. Safe to pay only IDR 0.00 today, and the full IDR 21,204,000.00 does not become safe within the 90-day horizon."
request_162,0.0,not_affordable,not_recommended,none,,none,"Balance: IDR 34,607,300.00 (min required: IDR 24,161,100.00; headroom: IDR 10,446,200.00). Committed outflows next 30 days: IDR 22,438,179.05. Expected income next 30 days: IDR 27,630,711.62. Salary temporarily reduced to IDR 29,070,000.00/month per employer message. Next salary expected on 2026-07-15. Decision: Not affordable. Safe to pay only IDR 0.00 today, and the full IDR 83,923,000.00 does not become safe within the 90-day horizon."
request_163,8718656.6,affordable_with_plan,installments,2024-09-10:6692053.33|2024-10-11:6692053.33|2024-11-11:6692053.33,2024-09-15,none,"Balance: IDR 49,519,524.26 (min required: IDR 26,728,700.00; headroom: IDR 22,790,824.26). Committed outflows next 30 days: IDR 31,491,334.83. Expected income next 30 days: IDR 44,080,000.00. Decision: Full payment is not safe today (safe amount: IDR 8,718,656.60). Installment plan: 2024-09-10:6692053.33|2024-10-11:6692053.33|2024-11-11:6692053.33."
request_164,27018000.0,affordable_with_plan,installments,2025-02-11:9366240|2025-03-11:9366240|2025-04-08:9366240,2025-02-04,none,"Balance: IDR 75,429,169.20 (min required: IDR 29,550,500.00; headroom: IDR 45,878,669.20). Committed outflows next 30 days: IDR 36,784,079.72. Expected income next 30 days: IDR 88,540,000.00. Salary temporarily reduced to IDR 44,270,000.00/month per employer message. Decision: Full payment is not safe today (safe amount: IDR 27,018,000.00). Installment plan: 2025-02-11:9366240|2025-03-11:9366240|2025-04-08:9366240."
request_165,80600.0,affordable_now,full_payment,2026-04-06:80600,2026-04-06,none,"Balance: INR 366,705.00 (min required: INR 95,000.00; headroom: INR 271,705.00). Committed outflows next 30 days: INR 67,442.90. Expected income next 30 days: INR 116,075.80. Decision: Full payment of INR 80,600.00 is safe today. Balance remains above minimum throughout the 90-day forecast."
request_166,2907.6,affordable_with_plan,installments,2024-12-03:1007.97|2025-01-03:1007.97|2025-02-03:1007.97,2024-12-03,none,"Balance: USD 9,001.95 (min required: USD 1,700.00; headroom: USD 7,301.95). Committed outflows next 30 days: USD 1,119.44. Expected income next 30 days: USD 2,493.98. Decision: Full payment is not safe today (safe amount: USD 2,907.60). Installment plan: 2024-12-03:1007.97|2025-01-03:1007.97|2025-02-03:1007.97."
request_167,42080.86,affordable_later,wait,2025-05-23:43802,2025-05-23,none,"Balance: ZAR 105,090.30 (min required: ZAR 31,200.00; headroom: ZAR 73,890.30). Committed outflows next 30 days: ZAR 49,409.17. Expected income next 30 days: ZAR 47,740.00. Next salary expected on 2025-05-23. Decision: Cannot safely pay ZAR 43,802.00 today (safe amount now: ZAR 42,080.86). Full payment becomes safe on 2025-05-23."
request_168,0.0,not_affordable,not_recommended,none,,none,"Balance: INR 173,843.00 (min required: INR 114,400.00; headroom: INR 59,443.00). Committed outflows next 30 days: INR 143,514.45. Expected income next 30 days: INR 137,150.00. Salary temporarily reduced to INR 137,150.00/month per employer message. Decision: Not affordable. Safe to pay only INR 0.00 today, and the full INR 49,380.00 does not become safe within the 90-day horizon."
request_169,0.0,not_affordable,not_recommended,none,,none,"Balance: ZAR 77,544.50 (min required: ZAR 18,700.00; headroom: ZAR 58,844.50). Committed outflows next 30 days: ZAR 31,293.32. Expected income next 30 days: ZAR 904.31. Decision: Not affordable. Safe to pay only ZAR 0.00 today, and the full ZAR 41,976.00 does not become safe within the 90-day horizon."
request_170,16265132.66,not_affordable,not_recommended,none,,none,"Balance: IDR 69,446,998.40 (min required: IDR 24,715,800.00; headroom: IDR 44,731,198.40). Committed outflows next 30 days: IDR 41,056,959.86. Expected income next 30 days: IDR 37,195,267.39. Decision: Not affordable. Safe to pay only IDR 16,265,132.66 today, and the full IDR 36,936,000.00 does not become safe within the 90-day horizon."
request_171,0.0,not_affordable,not_recommended,none,,none,"Balance: EUR 810.65 (min required: EUR 500.00; headroom: EUR 310.65). Committed outflows next 30 days: EUR 581.89. Expected income next 30 days: EUR 693.00. Decision: Not affordable. Safe to pay only EUR 0.00 today, and the full EUR 1,878.80 does not become safe within the 90-day horizon."
request_172,2790.85,not_affordable,not_recommended,none,,none,"Balance: ZAR 50,942.40 (min required: ZAR 27,200.00; headroom: ZAR 23,742.40). Committed outflows next 30 days: ZAR 34,776.37. Expected income next 30 days: ZAR 33,059.06. Decision: Not affordable. Safe to pay only ZAR 2,790.85 today, and the full ZAR 10,200.00 does not become safe within the 90-day horizon."
request_173,0.0,not_affordable,not_recommended,none,,none,"Balance: INR 162,290.53 (min required: INR 79,100.00; headroom: INR 83,190.53). Committed outflows next 30 days: INR 126,400.64. Expected income next 30 days: INR 1,284.00. Salary temporarily reduced to INR 1,284.00/month per employer message. Next salary expected on 2025-11-15. Decision: Not affordable. Safe to pay only INR 0.00 today, and the full INR 113,000.00 does not become safe within the 90-day horizon."
request_174,1146.2,affordable_with_plan,installments,2026-04-04:397.35|2026-05-04:397.35|2026-06-03:397.35,2026-04-04,none,"Balance: EUR 3,266.04 (min required: EUR 700.00; headroom: EUR 2,566.04). Committed outflows next 30 days: EUR 647.34. Expected income next 30 days: EUR 880.00. Decision: Full payment is not safe today (safe amount: EUR 1,146.20). Installment plan: 2026-04-04:397.35|2026-05-04:397.35|2026-06-03:397.35."
request_175,2320.7,affordable_with_plan,full_payment,2024-09-06:2346.30,2024-09-15,reduce_to:event_16047:21.50|reduce_to:event_16045:7.90,"Balance: EUR 4,760.25 (min required: EUR 1,700.00; headroom: EUR 3,060.25). Committed outflows next 30 days: EUR 1,767.88. Expected income next 30 days: EUR 1,905.56. Salary temporarily reduced to EUR 1,924.56/month per employer message. Decision: Affordable with plan. Payment plan: 2024-09-06:2346.30. Spending changes required to cover shortfall (saves EUR 25.60/month)."
request_176,284.88,not_affordable,not_recommended,none,,none,"Balance: EUR 1,286.95 (min required: EUR 600.00; headroom: EUR 686.95). Committed outflows next 30 days: EUR 887.29. Expected income next 30 days: EUR 1,656.08. Salary temporarily reduced to EUR 847.00/month per employer message. Decision: Not affordable. Safe to pay only EUR 284.88 today, and the full EUR 1,239.70 does not become safe within the 90-day horizon."
request_177,1017.6,affordable_now,full_payment,2026-01-05:1017.60,2026-01-05,none,"Balance: USD 2,987.24 (min required: USD 1,300.00; headroom: USD 1,687.24). Committed outflows next 30 days: USD 1,676.00. Expected income next 30 days: USD 1,616.12. Salary temporarily reduced to USD 1,731.60/month per employer message. Decision: Full payment of USD 1,017.60 is safe today. Balance remains above minimum throughout the 90-day forecast."
request_178,2938.1,affordable_with_plan,installments,2024-12-07:1018.54|2025-01-07:1018.54|2025-02-07:1018.54,2024-12-07,none,"Balance: EUR 7,959.30 (min required: EUR 1,400.00; headroom: EUR 6,559.30). Committed outflows next 30 days: EUR 1,474.74. Expected income next 30 days: EUR 1,835.71. Decision: Full payment is not safe today (safe amount: EUR 2,938.10). Installment plan: 2024-12-07:1018.54|2025-01-07:1018.54|2025-02-07:1018.54."
request_179,1985292.35,not_affordable,not_recommended,none,,none,"Balance: IDR 79,388,050.00 (min required: IDR 41,430,800.00; headroom: IDR 37,957,250.00). Committed outflows next 30 days: IDR 33,810,876.61. Expected income next 30 days: IDR 45,115,696.19. Decision: Not affordable. Safe to pay only IDR 1,985,292.35 today, and the full IDR 41,648,000.00 does not become safe within the 90-day horizon."
request_180,54604.92,not_affordable,not_recommended,none,,none,"Balance: INR 134,980.00 (min required: INR 37,300.00; headroom: INR 97,680.00). Committed outflows next 30 days: INR 60,462.70. Expected income next 30 days: INR 53,693.16. Salary temporarily reduced to INR 59,000.00/month per employer message. Next salary expected on 2026-07-15. Decision: Not affordable. Safe to pay only INR 54,604.92 today, and the full INR 66,500.00 does not become safe within the 90-day horizon."
request_181,24.06,not_affordable,not_recommended,none,,none,"Balance: USD 3,362.00 (min required: USD 2,000.00; headroom: USD 1,362.00). Committed outflows next 30 days: USD 2,950.93. Expected income next 30 days: USD 5,057.25. Decision: Not affordable. Safe to pay only USD 24.06 today, and the full USD 5,059.20 does not become safe within the 90-day horizon."
request_182,65714.0,affordable_now,full_payment,2025-08-05:65714,2025-08-05,none,"Balance: ZAR 125,010.30 (min required: ZAR 31,100.00; headroom: ZAR 93,910.30). Committed outflows next 30 days: ZAR 38,615.04. Expected income next 30 days: ZAR 71,611.30. Decision: Full payment of ZAR 65,714.00 is safe today. Balance remains above minimum throughout the 90-day forecast."
request_183,0.0,not_affordable,not_recommended,none,,none,"Balance: IDR 42,156,223.74 (min required: IDR 11,878,300.00; headroom: IDR 30,277,923.74). Committed outflows next 30 days: IDR 23,864,570.47. Expected income next 30 days: IDR 1,320.00. Decision: Not affordable. Safe to pay only IDR 0.00 today, and the full IDR 26,866,000.00 does not become safe within the 90-day horizon."
request_184,0.0,not_affordable,not_recommended,none,,none,"Balance: INR 163,160.00 (min required: INR 110,800.00; headroom: INR 52,360.00). Committed outflows next 30 days: INR 170,273.97. Expected income next 30 days: INR 1,584.00. Decision: Not affordable. Safe to pay only INR 0.00 today, and the full INR 251,900.00 does not become safe within the 90-day horizon."
request_185,0.0,not_affordable,not_recommended,none,,none,"Balance: EUR 2,083.40 (min required: EUR 1,300.00; headroom: EUR 783.40). Committed outflows next 30 days: EUR 1,878.58. Expected income next 30 days: EUR 1,562.00. Decision: Not affordable. Safe to pay only EUR 0.00 today, and the full EUR 1,257.30 does not become safe within the 90-day horizon."
request_186,4659.56,not_affordable,not_recommended,none,,none,"Balance: ZAR 44,863.50 (min required: ZAR 22,000.00; headroom: ZAR 22,863.50). Committed outflows next 30 days: ZAR 22,508.53. Expected income next 30 days: ZAR 30,838.14. Salary temporarily reduced to ZAR 31,889.00/month per employer message. Decision: Not affordable. Safe to pay only ZAR 4,659.56 today, and the full ZAR 26,554.00 does not become safe within the 90-day horizon."
request_187,40068.5,not_affordable,not_recommended,none,,none,"Balance: INR 195,735.00 (min required: INR 128,300.00; headroom: INR 67,435.00). Committed outflows next 30 days: INR 99,497.64. Expected income next 30 days: INR 137,983.14. Salary temporarily reduced to INR 145,000.00/month per employer message. Next salary expected on 2024-09-15. Decision: Not affordable. Safe to pay only INR 40,068.50 today, and the full INR 187,500.00 does not become safe within the 90-day horizon."
request_188,0.0,not_affordable,not_recommended,none,,none,"Balance: EUR 1,485.30 (min required: EUR 900.00; headroom: EUR 585.30). Committed outflows next 30 days: EUR 1,848.63. Expected income next 30 days: EUR 1,386.00. Decision: Not affordable. Safe to pay only EUR 0.00 today, and the full EUR 2,464.00 does not become safe within the 90-day horizon."
request_189,488.4,affordable_now,full_payment,2026-07-04:488.40,2026-07-04,none,"Balance: EUR 1,147.66 (min required: EUR 400.00; headroom: EUR 747.66). Committed outflows next 30 days: EUR 432.16. Expected income next 30 days: EUR 477.56. Next salary expected on 2026-07-15. Decision: Full payment of EUR 488.40 is safe today. Balance remains above minimum throughout the 90-day forecast."
request_190,313.16,affordable_later,wait,2024-12-15:2557.50,2024-12-15,none,"Balance: EUR 3,155.80 (min required: EUR 1,600.00; headroom: EUR 1,555.80). Committed outflows next 30 days: EUR 2,946.05. Expected income next 30 days: EUR 6,875.92. Decision: Cannot safely pay EUR 2,557.50 today (safe amount now: EUR 313.16). Full payment becomes safe on 2024-12-15."
request_191,664.4,affordable_now,full_payment,2025-05-03:664.40,2025-05-03,none,"Balance: EUR 1,591.06 (min required: EUR 500.00; headroom: EUR 1,091.06). Committed outflows next 30 days: EUR 574.01. Expected income next 30 days: EUR 814.00. Decision: Full payment of EUR 664.40 is safe today. Balance remains above minimum throughout the 90-day forecast."
request_192,8.2,not_affordable,not_recommended,none,,none,"Balance: USD 1,384.80 (min required: USD 1,000.00; headroom: USD 384.80). Committed outflows next 30 days: USD 1,043.96. Expected income next 30 days: USD 2,000.25. Decision: Not affordable. Safe to pay only USD 8.20 today, and the full USD 2,046.00 does not become safe within the 90-day horizon."
request_193,0.0,not_affordable,not_recommended,none,,none,"Balance: EUR 1,310.62 (min required: EUR 1,000.00; headroom: EUR 310.62). Committed outflows next 30 days: EUR 1,530.78. Expected income next 30 days: EUR 1,750.32. Salary temporarily reduced to EUR 1,750.32/month per employer message. Decision: Not affordable. Safe to pay only EUR 0.00 today, and the full EUR 1,212.20 does not become safe within the 90-day horizon."
request_194,0.0,not_affordable,not_recommended,none,,none,"Balance: INR 208,630.00 (min required: INR 113,600.00; headroom: INR 95,030.00). Committed outflows next 30 days: INR 141,829.38. Expected income next 30 days: INR 137,000.00. Next salary expected on 2025-08-23. Decision: Not affordable. Safe to pay only INR 0.00 today, and the full INR 132,800.00 does not become safe within the 90-day horizon."
request_195,440.11,not_affordable,not_recommended,none,,none,"Balance: EUR 2,011.18 (min required: EUR 700.00; headroom: EUR 1,311.18). Committed outflows next 30 days: EUR 1,383.24. Expected income next 30 days: EUR 1,222.65. Salary temporarily reduced to EUR 1,222.65/month per employer message. Decision: Not affordable. Safe to pay only EUR 440.11 today, and the full EUR 1,170.40 does not become safe within the 90-day horizon."
request_196,762.3,affordable_now,full_payment,2024-06-03:762.30,2024-06-03,none,"Balance: EUR 1,575.65 (min required: EUR 500.00; headroom: EUR 1,075.65). Committed outflows next 30 days: EUR 618.26. Expected income next 30 days: EUR 1,628.00. Decision: Full payment of EUR 762.30 is safe today. Balance remains above minimum throughout the 90-day forecast."
request_197,0.0,not_affordable,not_recommended,none,,none,"Balance: IDR 96,081,218.26 (min required: IDR 26,245,900.00; headroom: IDR 69,835,318.26). Committed outflows next 30 days: IDR 46,159,692.82. Expected income next 30 days: IDR 21,004,500.00. Next salary expected on 2025-11-15. Decision: Not affordable. Safe to pay only IDR 0.00 today, and the full IDR 50,939,000.00 does not become safe within the 90-day horizon."
request_198,185800.0,affordable_now,full_payment,2026-07-07:185800,2026-07-07,none,"Balance: INR 395,190.00 (min required: INR 124,300.00; headroom: INR 270,890.00). Committed outflows next 30 days: INR 117,250.72. Expected income next 30 days: INR 176,000.00. Decision: Full payment of INR 185,800.00 is safe today. Balance remains above minimum throughout the 90-day forecast."
request_199,23674000.0,affordable_with_plan,installments,2024-09-07:8206986.67|2024-10-08:8206986.67|2024-11-08:8206986.67,2024-09-04,none,"Balance: IDR 136,691,818.94 (min required: IDR 25,359,500.00; headroom: IDR 111,332,318.94). Committed outflows next 30 days: IDR 32,119,043.42. Expected income next 30 days: IDR 35,713,577.44. Decision: Full payment is not safe today (safe amount: IDR 23,674,000.00). Installment plan: 2024-09-07:8206986.67|2024-10-08:8206986.67|2024-11-08:8206986.67."
request_200,21717000.0,affordable_now,full_payment,2025-02-06:21717000,2025-02-06,none,"Balance: IDR 53,886,150.00 (min required: IDR 20,114,600.00; headroom: IDR 33,771,550.00). Committed outflows next 30 days: IDR 18,832,785.66. Expected income next 30 days: IDR 29,698,867.12. Decision: Full payment of IDR 21,717,000.00 is safe today. Balance remains above minimum throughout the 90-day forecast."
request_201,23997000.0,affordable_now,full_payment,2026-04-03:23997000,2026-04-03,none,"Balance: IDR 77,973,400.00 (min required: IDR 17,304,500.00; headroom: IDR 60,668,900.00). Committed outflows next 30 days: IDR 15,810,739.18. Expected income next 30 days: IDR 16,257,294.38. Decision: Full payment of IDR 23,997,000.00 is safe today. Balance remains above minimum throughout the 90-day forecast."
request_202,123900.0,affordable_now,full_payment,2024-12-05:123900,2024-12-05,none,"Balance: INR 366,065.00 (min required: INR 147,800.00; headroom: INR 218,265.00). Committed outflows next 30 days: INR 173,260.45. Expected income next 30 days: INR 172,623.22. Decision: Full payment of INR 123,900.00 is safe today. Balance remains above minimum throughout the 90-day forecast."
request_203,1442.1,affordable_with_plan,installments,2025-05-10:499.93|2025-06-07:499.93|2025-07-05:499.93,2025-05-07,none,"Balance: EUR 8,327.38 (min required: EUR 1,400.00; headroom: EUR 6,927.38). Committed outflows next 30 days: EUR 2,157.25. Expected income next 30 days: EUR 2,414.57. Decision: Full payment is not safe today (safe amount: EUR 1,442.10). Installment plan: 2025-05-10:499.93|2025-06-07:499.93|2025-07-05:499.93."
request_204,0.0,not_affordable,not_recommended,none,,none,"Balance: EUR 2,626.28 (min required: EUR 1,300.00; headroom: EUR 1,326.28). Committed outflows next 30 days: EUR 2,166.47. Expected income next 30 days: EUR 2,024.00. Salary temporarily reduced to EUR 2,024.00/month per employer message. Next salary expected on 2026-01-15. Decision: Not affordable. Safe to pay only EUR 0.00 today, and the full EUR 588.74 does not become safe within the 90-day horizon."
request_205,8338006.35,affordable_later,wait,2024-03-15:10621000,2024-03-15,none,"Balance: IDR 31,462,900.00 (min required: IDR 13,994,300.00; headroom: IDR 17,468,600.00). Committed outflows next 30 days: IDR 19,998,727.79. Expected income next 30 days: IDR 35,798,640.23. Decision: Cannot safely pay IDR 10,621,000.00 today (safe amount now: IDR 8,338,006.35). Full payment becomes safe on 2024-03-15."
request_206,1404.7,affordable_with_plan,installments,2025-08-03:486.96|2025-08-31:486.96|2025-09-28:486.96,2025-08-03,none,"Balance: EUR 5,231.14 (min required: EUR 900.00; headroom: EUR 4,331.14). Committed outflows next 30 days: EUR 484.04. Expected income next 30 days: EUR 1,413.05. Decision: Full payment is not safe today (safe amount: EUR 1,404.70). Installment plan: 2025-08-03:486.96|2025-08-31:486.96|2025-09-28:486.96."
request_207,2446.63,affordable_later,wait,2026-07-15:11830,2026-07-15,none,"Balance: ZAR 26,729.60 (min required: ZAR 13,600.00; headroom: ZAR 13,129.60). Committed outflows next 30 days: ZAR 13,886.76. Expected income next 30 days: ZAR 41,279.54. Decision: Cannot safely pay ZAR 11,830.00 today (safe amount now: ZAR 2,446.63). Full payment becomes safe on 2026-07-15."
request_208,1331408.02,not_affordable,not_recommended,none,,none,"Balance: IDR 16,928,800.00 (min required: IDR 10,470,700.00; headroom: IDR 6,458,100.00). Committed outflows next 30 days: IDR 14,183,294.01. Expected income next 30 days: IDR 13,632,104.12. Decision: Not affordable. Safe to pay only IDR 1,331,408.02 today, and the full IDR 4,413,000.00 does not become safe within the 90-day horizon."
request_209,1547.46,not_affordable,not_recommended,none,,none,"Balance: ZAR 27,025.10 (min required: ZAR 18,400.00; headroom: ZAR 8,625.10). Committed outflows next 30 days: ZAR 15,013.78. Expected income next 30 days: ZAR 52,906.98. Decision: Not affordable. Safe to pay only ZAR 1,547.46 today, and the full ZAR 56,914.00 does not become safe within the 90-day horizon."
request_210,464.87,affordable_with_plan,partial_payment,2026-04-06:464.87|2026-05-15:895.15,2026-05-15,none,"Balance: USD 3,525.32 (min required: USD 2,000.00; headroom: USD 1,525.32). Committed outflows next 30 days: USD 2,195.90. Expected income next 30 days: USD 2,836.17. Decision: Pay USD 464.87 today; remaining balance due on 2026-05-15. Plan: 2026-04-06:464.87|2026-05-15:895.15."
request_211,183.92,affordable_later,wait,2024-09-15:1788.60,2024-09-15,none,"Balance: EUR 2,727.89 (min required: EUR 1,500.00; headroom: EUR 1,227.89). Committed outflows next 30 days: EUR 1,717.72. Expected income next 30 days: EUR 3,752.92. Decision: Cannot safely pay EUR 1,788.60 today (safe amount now: EUR 183.92). Full payment becomes safe on 2024-09-15."
request_212,0.0,not_affordable,not_recommended,none,,none,"Balance: IDR 51,923,800.00 (min required: IDR 29,579,800.00; headroom: IDR 22,344,000.00). Committed outflows next 30 days: IDR 33,424,588.49. Expected income next 30 days: IDR 33,440,000.00. Next salary expected on 2025-02-23. Decision: Not affordable. Safe to pay only IDR 0.00 today, and the full IDR 71,934,000.00 does not become safe within the 90-day horizon."
request_213,3362.4,affordable_with_plan,installments,2026-01-21:1165.63|2026-02-20:1165.63|2026-03-22:1165.63,2026-01-07,none,"Balance: USD 12,051.94 (min required: USD 2,100.00; headroom: USD 9,951.94). Committed outflows next 30 days: USD 2,735.77. Expected income next 30 days: USD 2,855.15. Decision: Full payment is not safe today (safe amount: USD 3,362.40). Installment plan: 2026-01-21:1165.63|2026-02-20:1165.63|2026-03-22:1165.63."
request_214,0.0,not_affordable,not_recommended,none,,none,"Balance: INR 292,180.00 (min required: INR 174,900.00; headroom: INR 117,280.00). Committed outflows next 30 days: INR 259,892.21. Decision: Not affordable. Safe to pay only INR 0.00 today, and the full INR 69,750.00 does not become safe within the 90-day horizon."
request_215,29986.0,affordable_with_plan,installments,2025-05-09:10395.15|2025-06-06:10395.15|2025-07-04:10395.15,2025-05-06,none,"Balance: ZAR 93,951.16 (min required: ZAR 15,700.00; headroom: ZAR 78,251.16). Committed outflows next 30 days: ZAR 16,291.73. Expected income next 30 days: ZAR 20,640.79. Decision: Full payment is not safe today (safe amount: ZAR 29,986.00). Installment plan: 2025-05-09:10395.15|2025-06-06:10395.15|2025-07-04:10395.15."
request_216,265.64,not_affordable,not_recommended,none,,none,"Balance: USD 2,966.80 (min required: USD 1,800.00; headroom: USD 1,166.80). Committed outflows next 30 days: USD 1,493.58. Expected income next 30 days: USD 1,681.02. Next salary expected on 2026-07-15. Decision: Not affordable. Safe to pay only USD 265.64 today, and the full USD 3,332.40 does not become safe within the 90-day horizon."
request_217,14481.32,affordable_with_plan,installments,2024-03-19:12889.07|2024-04-19:12889.07|2024-05-20:12889.07,2024-03-15,none,"Balance: ZAR 58,401.97 (min required: ZAR 26,800.00; headroom: ZAR 31,601.97). Committed outflows next 30 days: ZAR 37,619.87. Expected income next 30 days: ZAR 85,302.86. Decision: Full payment is not safe today (safe amount: ZAR 14,481.32). Installment plan: 2024-03-19:12889.07|2024-04-19:12889.07|2024-05-20:12889.07."
request_218,21139667.28,not_affordable,not_recommended,none,,none,"Balance: IDR 72,419,614.80 (min required: IDR 34,477,200.00; headroom: IDR 37,942,414.80). Committed outflows next 30 days: IDR 28,910,116.95. Expected income next 30 days: IDR 96,008,035.05. Decision: Not affordable. Safe to pay only IDR 21,139,667.28 today, and the full IDR 61,142,000.00 does not become safe within the 90-day horizon."
request_219,614.44,not_affordable,not_recommended,none,,none,"Balance: EUR 2,815.51 (min required: EUR 1,100.00; headroom: EUR 1,715.51). Committed outflows next 30 days: EUR 1,600.66. Expected income next 30 days: EUR 1,914.00. Salary temporarily reduced to EUR 1,914.00/month per employer message. Next salary expected on 2026-04-15. Decision: Not affordable. Safe to pay only EUR 614.44 today, and the full EUR 1,673.10 does not become safe within the 90-day horizon."
request_220,0.0,not_affordable,not_recommended,none,,none,"Balance: EUR 1,487.32 (min required: EUR 1,100.00; headroom: EUR 387.32). Committed outflows next 30 days: EUR 1,446.50. Expected income next 30 days: EUR 1,322.04. Salary temporarily reduced to EUR 1,346.40/month per employer message. Decision: Not affordable. Safe to pay only EUR 0.00 today, and the full EUR 3,118.50 does not become safe within the 90-day horizon."
request_221,109800.0,affordable_now,full_payment,2025-11-03:109800,2025-11-03,none,"Balance: INR 268,305.00 (min required: INR 81,500.00; headroom: INR 186,805.00). Committed outflows next 30 days: INR 115,944.88. Expected income next 30 days: INR 113,445.41. Decision: Full payment of INR 109,800.00 is safe today. Balance remains above minimum throughout the 90-day forecast."
request_222,34078.0,affordable_now,full_payment,2026-01-05:34078,2026-01-05,none,"Balance: ZAR 118,101.70 (min required: ZAR 27,300.00; headroom: ZAR 90,801.70). Committed outflows next 30 days: ZAR 22,437.27. Expected income next 30 days: ZAR 19,419.50. Decision: Full payment of ZAR 34,078.00 is safe today. Balance remains above minimum throughout the 90-day forecast."
request_223,872.15,affordable_with_plan,full_payment,2024-09-07:898.70,2024-09-15,reduce_to:event_20503:18.50|reduce_to:event_20510:32.27,"Balance: EUR 2,255.51 (min required: EUR 800.00; headroom: EUR 1,455.51). Committed outflows next 30 days: EUR 1,097.18. Expected income next 30 days: EUR 2,618.00. Decision: Affordable with plan. Payment plan: 2024-09-07:898.70. Spending changes required to cover shortfall (saves EUR 26.55/month)."
request_224,0.0,not_affordable,not_recommended,none,,none,"Balance: IDR 49,969,400.00 (min required: IDR 22,187,600.00; headroom: IDR 27,781,800.00). Committed outflows next 30 days: IDR 42,201,886.61. Expected income next 30 days: IDR 33,663,323.09. Decision: Not affordable. Safe to pay only IDR 0.00 today, and the full IDR 10,327,000.00 does not become safe within the 90-day horizon."
request_225,5511586.58,not_affordable,not_recommended,none,,none,"Balance: IDR 35,791,159.60 (min required: IDR 17,670,700.00; headroom: IDR 18,120,459.60). Committed outflows next 30 days: IDR 24,282,291.05. Expected income next 30 days: IDR 24,890,000.00. Decision: Not affordable. Safe to pay only IDR 5,511,586.58 today, and the full IDR 22,059,000.00 does not become safe within the 90-day horizon."
request_226,157000.0,affordable_now,full_payment,2024-12-03:157000,2024-12-03,none,"Balance: INR 581,180.00 (min required: INR 209,400.00; headroom: INR 371,780.00). Committed outflows next 30 days: INR 205,519.10. Expected income next 30 days: INR 499,981.67. Salary temporarily reduced to INR 260,000.00/month per employer message. Decision: Full payment of INR 157,000.00 is safe today. Balance remains above minimum throughout the 90-day forecast."
request_227,3631.39,not_affordable,not_recommended,none,,none,"Balance: INR 105,655.00 (min required: INR 62,900.00; headroom: INR 42,755.00). Committed outflows next 30 days: INR 53,603.94. Expected income next 30 days: INR 142,612.98. Decision: Not affordable. Safe to pay only INR 3,631.39 today, and the full INR 259,700.00 does not become safe within the 90-day horizon."
request_228,0.0,not_affordable,not_recommended,none,,none,"Balance: IDR 36,748,550.00 (min required: IDR 26,191,200.00; headroom: IDR 10,557,350.00). Committed outflows next 30 days: IDR 30,835,038.52. Expected income next 30 days: IDR 30,400,000.00. Salary temporarily reduced to IDR 30,400,000.00/month per employer message. Next salary expected on 2026-04-15. Decision: Not affordable. Safe to pay only IDR 0.00 today, and the full IDR 63,327,000.00 does not become safe within the 90-day horizon."
request_229,284.59,not_affordable,not_recommended,none,,none,"Balance: EUR 1,800.52 (min required: EUR 1,000.00; headroom: EUR 800.52). Committed outflows next 30 days: EUR 1,230.62. Expected income next 30 days: EUR 1,221.60. Decision: Not affordable. Safe to pay only EUR 284.59 today, and the full EUR 1,526.80 does not become safe within the 90-day horizon."
request_230,3537.6,affordable_now,full_payment,2025-08-06:3537.60,2025-08-06,none,"Balance: EUR 8,676.76 (min required: EUR 2,000.00; headroom: EUR 6,676.76). Committed outflows next 30 days: EUR 2,650.95. Expected income next 30 days: EUR 5,554.25. Salary temporarily reduced to EUR 2,827.00/month per employer message. Decision: Full payment of EUR 3,537.60 is safe today. Balance remains above minimum throughout the 90-day forecast."
request_231,30572.19,affordable_with_plan,installments,2026-01-06:12378.08|2026-02-05:12378.08|2026-03-07:12378.08,2026-01-15,none,"Balance: ZAR 84,590.59 (min required: ZAR 24,300.00; headroom: ZAR 60,290.59). Committed outflows next 30 days: ZAR 47,695.83. Expected income next 30 days: ZAR 84,596.78. Decision: Full payment is not safe today (safe amount: ZAR 30,572.19). Installment plan: 2026-01-06:12378.08|2026-02-05:12378.08|2026-03-07:12378.08."
request_232,0.0,not_affordable,not_recommended,none,,none,"Balance: EUR 4,269.40 (min required: EUR 2,400.00; headroom: EUR 1,869.40). Committed outflows next 30 days: EUR 3,549.45. Expected income next 30 days: EUR 2,772.00. Salary temporarily reduced to EUR 2,772.00/month per employer message. Next salary expected on 2024-06-15. Decision: Not affordable. Safe to pay only EUR 0.00 today, and the full EUR 1,970.10 does not become safe within the 90-day horizon."
request_233,0.0,not_affordable,not_recommended,none,,none,"Balance: IDR 19,341,300.00 (min required: IDR 10,365,700.00; headroom: IDR 8,975,600.00). Committed outflows next 30 days: IDR 17,605,728.08. Expected income next 30 days: IDR 8,773,070.90. Next salary expected on 2025-11-15. Decision: Not affordable. Safe to pay only IDR 0.00 today, and the full IDR 6,241,000.00 does not become safe within the 90-day horizon."
request_234,84.86,affordable_later,wait,2026-09-15:1213.30,2026-09-15,none,"Balance: EUR 1,274.25 (min required: EUR 700.00; headroom: EUR 574.25). Committed outflows next 30 days: EUR 614.04. Expected income next 30 days: EUR 913.00. Decision: Cannot safely pay EUR 1,213.30 today (safe amount now: EUR 84.86). Full payment becomes safe on 2026-09-15."
request_235,434.7,not_affordable,not_recommended,none,,none,"Balance: USD 2,086.28 (min required: USD 700.00; headroom: USD 1,386.28). Committed outflows next 30 days: USD 1,168.69. Expected income next 30 days: USD 935.00. Decision: Not affordable. Safe to pay only USD 434.70 today, and the full USD 967.20 does not become safe within the 90-day horizon."
request_236,4210313.31,not_affordable,not_recommended,none,,none,"Balance: IDR 31,173,450.00 (min required: IDR 16,768,600.00; headroom: IDR 14,404,850.00). Committed outflows next 30 days: IDR 17,993,777.94. Expected income next 30 days: IDR 22,420,000.00. Decision: Not affordable. Safe to pay only IDR 4,210,313.31 today, and the full IDR 52,383,000.00 does not become safe within the 90-day horizon."
request_237,23826000.0,affordable_now,full_payment,2026-04-05:23826000,2026-04-05,none,"Balance: IDR 100,824,550.00 (min required: IDR 22,431,500.00; headroom: IDR 78,393,050.00). Committed outflows next 30 days: IDR 19,376,493.24. Expected income next 30 days: IDR 27,249,559.44. Decision: Full payment of IDR 23,826,000.00 is safe today. Balance remains above minimum throughout the 90-day forecast."
request_238,663.6,affordable_with_plan,installments,2024-12-07:230.05|2025-01-07:230.05|2025-02-07:230.05,2024-12-07,none,"Balance: USD 1,882.07 (min required: USD 700.00; headroom: USD 1,182.07). Committed outflows next 30 days: USD 745.83. Expected income next 30 days: USD 1,674.43. Salary temporarily reduced to USD 912.00/month per employer message. Decision: Full payment is not safe today (safe amount: USD 663.60). Installment plan: 2024-12-07:230.05|2025-01-07:230.05|2025-02-07:230.05."
request_239,642.0,affordable_now,full_payment,2025-05-04:642,2025-05-04,none,"Balance: USD 1,988.90 (min required: USD 600.00; headroom: USD 1,388.90). Committed outflows next 30 days: USD 555.29. Expected income next 30 days: USD 1,899.50. Decision: Full payment of USD 642.00 is safe today. Balance remains above minimum throughout the 90-day forecast."
request_240,0.0,not_affordable,not_recommended,none,,none,"Balance: INR 92,720.00 (min required: INR 52,800.00; headroom: INR 39,920.00). Committed outflows next 30 days: INR 70,268.52. Expected income next 30 days: INR 59,226.02. Salary temporarily reduced to INR 62,000.00/month per employer message. Next salary expected on 2026-01-15. Decision: Not affordable. Safe to pay only INR 0.00 today, and the full INR 101,200.00 does not become safe within the 90-day horizon."
request_241,21052000.0,affordable_with_plan,installments,2024-03-17:7298026.67|2024-04-17:7298026.67|2024-05-18:7298026.67,2024-03-03,none,"Balance: IDR 90,172,322.14 (min required: IDR 19,252,000.00; headroom: IDR 70,920,322.14). Committed outflows next 30 days: IDR 23,115,780.66. Expected income next 30 days: IDR 22,898,788.56. Decision: Full payment is not safe today (safe amount: IDR 21,052,000.00). Installment plan: 2024-03-17:7298026.67|2024-04-17:7298026.67|2024-05-18:7298026.67."
request_242,0.0,not_affordable,not_recommended,none,,none,"Balance: EUR 1,037.40 (min required: EUR 600.00; headroom: EUR 437.40). Committed outflows next 30 days: EUR 985.70. Expected income next 30 days: EUR 496.04. Next salary expected on 2025-08-15. Decision: Not affordable. Safe to pay only EUR 0.00 today, and the full EUR 1,966.80 does not become safe within the 90-day horizon."
request_243,17468.0,affordable_now,full_payment,2026-07-07:17468,2026-07-07,none,"Balance: ZAR 47,470.40 (min required: ZAR 19,900.00; headroom: ZAR 27,570.40). Committed outflows next 30 days: ZAR 17,672.11. Expected income next 30 days: ZAR 47,960.00. Decision: Full payment of ZAR 17,468.00 is safe today. Balance remains above minimum throughout the 90-day forecast."
request_244,49918.0,affordable_now,full_payment,2024-06-04:49918,2024-06-04,none,"Balance: ZAR 126,279.20 (min required: ZAR 45,900.00; headroom: ZAR 80,379.20). Committed outflows next 30 days: ZAR 59,404.18. Expected income next 30 days: ZAR 110,934.67. Decision: Full payment of ZAR 49,918.00 is safe today. Balance remains above minimum throughout the 90-day forecast."
request_245,0.0,not_affordable,not_recommended,none,,none,"Balance: INR 160,360.00 (min required: INR 94,600.00; headroom: INR 65,760.00). Committed outflows next 30 days: INR 124,885.40. Expected income next 30 days: INR 1,680.00. Salary temporarily reduced to INR 1,680.00/month per employer message. Next salary expected on 2025-11-15. Decision: Not affordable. Safe to pay only INR 0.00 today, and the full INR 128,500.00 does not become safe within the 90-day horizon."
request_246,64086.0,affordable_with_plan,installments,2026-04-03:22216.48|2026-05-03:22216.48|2026-06-02:22216.48,2026-04-03,none,"Balance: ZAR 201,692.06 (min required: ZAR 39,300.00; headroom: ZAR 162,392.06). Committed outflows next 30 days: ZAR 39,322.50. Expected income next 30 days: ZAR 50,160.00. Decision: Full payment is not safe today (safe amount: ZAR 64,086.00). Installment plan: 2026-04-03:22216.48|2026-05-03:22216.48|2026-06-02:22216.48."
request_247,988.48,affordable_with_plan,full_payment,2024-09-05:1059.30,2024-10-15,stop:event_22685|reduce_to:event_22743:20|reduce_to:event_22747:31.68,"Balance: EUR 2,819.20 (min required: EUR 1,300.00; headroom: EUR 1,519.20). Committed outflows next 30 days: EUR 1,353.79. Expected income next 30 days: EUR 1,405.14. Salary temporarily reduced to EUR 1,528.56/month per employer message. Decision: Affordable with plan. Payment plan: 2024-09-05:1059.30. Spending changes required to cover shortfall (saves EUR 70.82/month)."
request_248,894.56,affordable_with_plan,partial_payment,2025-02-07:894.56|2025-02-15:1071.04,2025-02-15,none,"Balance: USD 2,807.36 (min required: USD 1,300.00; headroom: USD 1,507.36). Committed outflows next 30 days: USD 1,538.60. Expected income next 30 days: USD 2,989.53. Salary temporarily reduced to USD 1,548.00/month per employer message. Decision: Pay USD 894.56 today; remaining balance due on 2025-02-15. Plan: 2025-02-07:894.56|2025-02-15:1071.04."
request_249,115.7,not_affordable,not_recommended,none,,none,"Balance: USD 942.40 (min required: USD 600.00; headroom: USD 342.40). Committed outflows next 30 days: USD 647.27. Expected income next 30 days: USD 676.21. Salary temporarily reduced to USD 702.00/month per employer message. Decision: Not affordable. Safe to pay only USD 115.70 today, and the full USD 643.20 does not become safe within the 90-day horizon."
request_250,9548.83,not_affordable,not_recommended,none,,none,"Balance: ZAR 64,120.00 (min required: ZAR 35,300.00; headroom: ZAR 28,820.00). Committed outflows next 30 days: ZAR 44,502.52. Expected income next 30 days: ZAR 53,680.00. Salary temporarily reduced to ZAR 53,680.00/month per employer message. Next salary expected on 2024-12-15. Decision: Not affordable. Safe to pay only ZAR 9,548.83 today, and the full ZAR 124,278.00 does not become safe within the 90-day horizon."
request_251,1513.6,not_affordable,not_recommended,none,,none,"Balance: EUR 4,648.55 (min required: EUR 1,300.00; headroom: EUR 3,348.55). Committed outflows next 30 days: EUR 1,014.42. Expected income next 30 days: EUR 1,007.37. Decision: Not affordable. Safe to pay only EUR 1,513.60 today, and the full EUR 1,513.60 does not become safe within the 90-day horizon."
request_252,2738777.69,affordable_later,wait,2026-09-15:28082000,2026-09-15,none,"Balance: IDR 25,250,700.00 (min required: IDR 15,152,200.00; headroom: IDR 10,098,500.00). Committed outflows next 30 days: IDR 12,020,513.51. Expected income next 30 days: IDR 19,760,000.00. Decision: Cannot safely pay IDR 28,082,000.00 today (safe amount now: IDR 2,738,777.69). Full payment becomes safe on 2026-09-15."
request_253,829.58,not_affordable,not_recommended,none,,none,"Balance: EUR 4,635.57 (min required: EUR 2,300.00; headroom: EUR 2,335.57). Committed outflows next 30 days: EUR 2,985.22. Expected income next 30 days: EUR 2,663.50. Decision: Not affordable. Safe to pay only EUR 829.58 today, and the full EUR 2,840.20 does not become safe within the 90-day horizon."
request_254,433.53,affordable_later,wait,2025-10-15:3535.20,2025-10-15,none,"Balance: USD 4,259.60 (min required: USD 2,500.00; headroom: USD 1,759.60). Committed outflows next 30 days: USD 1,770.02. Expected income next 30 days: USD 3,537.66. Decision: Cannot safely pay USD 3,535.20 today (safe amount now: USD 433.53). Full payment becomes safe on 2025-10-15."
request_255,3345000.0,affordable_now,full_payment,2026-04-06:3345000,2026-04-06,none,"Balance: IDR 38,518,150.00 (min required: IDR 9,813,900.00; headroom: IDR 28,704,250.00). Committed outflows next 30 days: IDR 10,978,881.62. Expected income next 30 days: IDR 16,128,153.12. Decision: Full payment of IDR 3,345,000.00 is safe today. Balance remains above minimum throughout the 90-day forecast."
request_256,147587.35,not_affordable,not_recommended,none,,none,"Balance: INR 394,983.28 (min required: INR 168,600.00; headroom: INR 226,383.28). Committed outflows next 30 days: INR 198,163.49. Expected income next 30 days: INR 204,228.26. Salary temporarily reduced to INR 214,000.00/month per employer message. Next salary expected on 2024-06-15. Decision: Not affordable. Safe to pay only INR 147,587.35 today, and the full INR 218,700.00 does not become safe within the 90-day horizon."
request_257,188.06,affordable_later,wait,2025-11-15:1352.40,2025-11-15,none,"Balance: USD 2,685.20 (min required: USD 1,600.00; headroom: USD 1,085.20). Committed outflows next 30 days: USD 2,164.87. Expected income next 30 days: USD 3,747.37. Decision: Cannot safely pay USD 1,352.40 today (safe amount now: USD 188.06). Full payment becomes safe on 2025-11-15."
request_258,1113.6,affordable_now,full_payment,2026-01-07:1113.60,2026-01-07,none,"Balance: USD 2,603.68 (min required: USD 500.00; headroom: USD 2,103.68). Committed outflows next 30 days: USD 951.27. Expected income next 30 days: USD 1,440.77. Decision: Full payment of USD 1,113.60 is safe today. Balance remains above minimum throughout the 90-day forecast."
request_259,147.86,affordable_later,wait,2024-11-15:935,2024-11-15,none,"Balance: EUR 1,269.30 (min required: EUR 600.00; headroom: EUR 669.30). Committed outflows next 30 days: EUR 710.96. Expected income next 30 days: EUR 792.00. Decision: Cannot safely pay EUR 935.00 today (safe amount now: EUR 147.86). Full payment becomes safe on 2024-11-15."
request_260,0.0,not_affordable,not_recommended,none,,none,"Balance: IDR 35,787,100.00 (min required: IDR 20,727,700.00; headroom: IDR 15,059,400.00). Committed outflows next 30 days: IDR 35,352,177.14. Expected income next 30 days: IDR 27,175,659.20. Decision: Not affordable. Safe to pay only IDR 0.00 today, and the full IDR 52,079,000.00 does not become safe within the 90-day horizon."
request_261,1830.4,affordable_now,full_payment,2026-07-03:1830.40,2026-07-03,none,"Balance: EUR 4,718.96 (min required: EUR 1,500.00; headroom: EUR 3,218.96). Committed outflows next 30 days: EUR 1,497.73. Expected income next 30 days: EUR 2,616.47. Decision: Full payment of EUR 1,830.40 is safe today. Balance remains above minimum throughout the 90-day forecast."
request_262,9236000.0,affordable_now,full_payment,2024-12-05:9236000,2024-12-05,none,"Balance: IDR 88,406,100.00 (min required: IDR 31,018,500.00; headroom: IDR 57,387,600.00). Committed outflows next 30 days: IDR 49,046,922.98. Expected income next 30 days: IDR 89,404,113.82. Salary temporarily reduced to IDR 48,260,000.00/month per employer message. Decision: Full payment of IDR 9,236,000.00 is safe today. Balance remains above minimum throughout the 90-day forecast."
request_263,0.0,not_affordable,not_recommended,none,,none,"Balance: ZAR 38,818.00 (min required: ZAR 24,100.00; headroom: ZAR 14,718.00). Committed outflows next 30 days: ZAR 32,859.45. Expected income next 30 days: ZAR 1,485.00. Salary temporarily reduced to ZAR 1,485.00/month per employer message. Next salary expected on 2025-05-15. Decision: Not affordable. Safe to pay only ZAR 0.00 today, and the full ZAR 51,546.00 does not become safe within the 90-day horizon."
request_264,13389.72,affordable_later,wait,2026-06-15:111300,2026-06-15,none,"Balance: INR 104,375.00 (min required: INR 59,500.00; headroom: INR 44,875.00). Committed outflows next 30 days: INR 65,290.84. Expected income next 30 days: INR 86,253.13. Decision: Cannot safely pay INR 111,300.00 today (safe amount now: INR 13,389.72). Full payment becomes safe on 2026-06-15."
request_265,45970.0,affordable_now,full_payment,2024-03-06:45970,2024-03-06,none,"Balance: INR 786,105.00 (min required: INR 189,700.00; headroom: INR 596,405.00). Committed outflows next 30 days: INR 224,614.86. Expected income next 30 days: INR 292,002.89. Decision: Full payment of INR 45,970.00 is safe today. Balance remains above minimum throughout the 90-day forecast."
request_266,640.05,not_affordable,not_recommended,none,,none,"Balance: EUR 2,354.92 (min required: EUR 900.00; headroom: EUR 1,454.92). Committed outflows next 30 days: EUR 735.18. Expected income next 30 days: EUR 968.00. Decision: Not affordable. Safe to pay only EUR 640.05 today, and the full EUR 935.00 does not become safe within the 90-day horizon."
request_267,1696.41,affordable_with_plan,installments,2026-01-08:667.33|2026-02-07:667.33|2026-03-09:667.33,2026-02-15,none,"Balance: EUR 3,648.98 (min required: EUR 1,500.00; headroom: EUR 2,148.98). Committed outflows next 30 days: EUR 1,724.92. Expected income next 30 days: EUR 1,936.73. Decision: Full payment is not safe today (safe amount: EUR 1,696.41). Installment plan: 2026-01-08:667.33|2026-02-07:667.33|2026-03-09:667.33."
request_268,819.02,not_affordable,not_recommended,none,,none,"Balance: EUR 2,912.52 (min required: EUR 1,400.00; headroom: EUR 1,512.52). Committed outflows next 30 days: EUR 1,681.63. Expected income next 30 days: EUR 2,288.00. Decision: Not affordable. Safe to pay only EUR 819.02 today, and the full EUR 2,426.60 does not become safe within the 90-day horizon."
request_269,0.0,not_affordable,not_recommended,none,,none,"Balance: ZAR 45,307.90 (min required: ZAR 23,100.00; headroom: ZAR 22,207.90). Committed outflows next 30 days: ZAR 40,241.26. Expected income next 30 days: ZAR 18,772.12. Next salary expected on 2025-11-15. Decision: Not affordable. Safe to pay only ZAR 0.00 today, and the full ZAR 15,490.00 does not become safe within the 90-day horizon."
request_270,0.0,not_affordable,not_recommended,none,,none,"Balance: USD 1,935.40 (min required: USD 1,400.00; headroom: USD 535.40). Committed outflows next 30 days: USD 913.50. Expected income next 30 days: USD 2,922.10. Decision: Not affordable. Safe to pay only USD 0.00 today, and the full USD 3,028.80 does not become safe within the 90-day horizon."
request_271,4973.75,affordable_later,wait,2024-10-15:91300,2024-10-15,none,"Balance: INR 142,960.00 (min required: INR 58,200.00; headroom: INR 84,760.00). Committed outflows next 30 days: INR 103,506.42. Expected income next 30 days: INR 146,690.70. Decision: Cannot safely pay INR 91,300.00 today (safe amount now: INR 4,973.75). Full payment becomes safe on 2024-10-15."
request_272,5482564.73,affordable_with_plan,installments,2025-02-12:4709466.67|2025-03-12:4709466.67|2025-04-09:4709466.67,2025-03-15,none,"Balance: IDR 16,324,524.00 (min required: IDR 7,508,600.00; headroom: IDR 8,815,924.00). Committed outflows next 30 days: IDR 8,353,350.91. Expected income next 30 days: IDR 14,317,666.86. Decision: Full payment is not safe today (safe amount: IDR 5,482,564.73). Installment plan: 2025-02-12:4709466.67|2025-03-12:4709466.67|2025-04-09:4709466.67."
request_273,3742679.78,affordable_with_plan,partial_payment,2026-04-07:3742679.78|2026-05-15:12118320.22,2026-05-15,none,"Balance: IDR 32,146,800.00 (min required: IDR 18,774,600.00; headroom: IDR 13,372,200.00). Committed outflows next 30 days: IDR 26,221,003.88. Expected income next 30 days: IDR 33,153,782.43. Decision: Pay IDR 3,742,679.78 today; remaining balance due on 2026-05-15. Plan: 2026-04-07:3742679.78|2026-05-15:12118320.22."
request_274,2275.39,not_affordable,not_recommended,none,,none,"Balance: EUR 4,847.31 (min required: EUR 1,800.00; headroom: EUR 3,047.31). Committed outflows next 30 days: EUR 2,573.64. Expected income next 30 days: EUR 2,573.20. Decision: Not affordable. Safe to pay only EUR 2,275.39 today, and the full EUR 2,713.70 does not become safe within the 90-day horizon."
request_275,15884000.0,affordable_now,full_payment,2025-05-06:15884000,2025-05-06,none,"Balance: IDR 37,206,450.00 (min required: IDR 12,760,100.00; headroom: IDR 24,446,350.00). Committed outflows next 30 days: IDR 14,838,185.14. Expected income next 30 days: IDR 16,153,791.95. Decision: Full payment of IDR 15,884,000.00 is safe today. Balance remains above minimum throughout the 90-day forecast."
